系名,科系類型
不動產經營學系,
不動產與城鄉環境學系,
中國文學學系,中文
中國文學系,中文
中國文學系乙組(華語文教學組),中文
中國文學系甲組(一般組),中文
中國藥學暨中藥資源學系,藥學
中國語文學系,
中醫學系,中醫
中醫學系乙組,中醫
中醫學系甲組,中醫
事業經營學系,
亞太工商管理學系企業管理組,企業管理
亞太工商管理學系工業管理組,企業管理
亞太建築空間與文物保存學士學位學程,建築
交通管理科學系,
人工智慧學士學位學程,
人工智慧學系,
人工智慧技術與應用學士學位學程,
人工智慧與資訊安全學士學位學程,
人文暨科技跨領域學士學位學程,
人文暨科技跨領域學系,
人文社會學系,社會學
人文社會學院學士班,
人文社會學院英語學士學位學程,社會學
人文社會學院英語學士班,社會學
人文與社區創新學士學位學程,
人發與家庭系家庭生活教育組,
人發與家庭系幼兒發展教育組,
人發與家庭系營養科學教育組,
人類學系,
人類發展與家庭學系家庭生活教育組,
人類發展與家庭學系幼兒發展與教育組,
人類發展與家庭學系營養科學與教育組,
企業管理學士學位學程,企業管理
企業管理學系,企業管理
企業管理學系(A組),企業管理
企業管理學系(B組),企業管理
企業管理學系(乙組),企業管理
企業管理學系(創業與組織領導組),企業管理
企業管理學系(服務創新與經營組),企業管理
企業管理學系(永續與服務創新組),企業管理
企業管理學系(甲組),企業管理
企業管理學系(社會組),企業管理
企業管理學系(綠色與永續發展組),企業管理
企業管理學系(自然組),企業管理
企業管理學系(行銷與數位經營組),企業管理
企業管理學系全英語學士班,企業管理
企業管理學系工商管理組,企業管理
企業管理學系服務業管理組,企業管理
企業管理學系高科技業管理組,企業管理
休閒事業經營學系,
休閒學與觀光管理學系,
休閒產業經營學系,
休閒產業與健康促進學系,
休閒運動學系,
休閒運動管理學系,
休閒運動與管理學系,
俄國語文學系,
保健營養學系,
保險學系,
健康促進與衛生教育學系,
健康產業科技管理學系,
健康風險管理學系,
健康餐飲暨產業管理學系,
傳播學系,新聞傳播
傳播學院傳播學士學位學程,新聞傳播
傳播學院大一大二不分系,
傳播學院大一大二不分系(社會組),
傳播學院大一大二不分系(自然組),
傳播學院大一大二不分系社會組,
傳播學院大一大二不分系自然組,
傳播與科技學系,新聞傳播
先進薄膜製程學士學位學程,
光電學系,光電
光電學系A組,光電
光電學系B組,光電
光電工程學士學位學程,光電
光電工程學系,光電
光電工程學系A組(光電半導體組),光電
光電工程學系B組(智慧光電應用組),光電
光電工程學系乙組,光電
光電工程學系全英語組,光電
光電工程學系甲組,光電
光電科學與工程學系,光電
光電科學與工程學系A組,光電
光電科學與工程學系B組,光電
光電與材料科技學士學位學程,光電
光電與材料科技學系,光電
光電與通訊工程學系,
兒童與家庭學系,
兒童英語教育學系,外文
兒童英語教育學系(公費)-桃園市,外文
兒童英語教育學系(公費)-臺南市,外文
兒童英語教育學系(公費)-花蓮縣,外文
兒童英語教育學系(公費特教)-桃園市,外文
兒童英語教育學系(公費生),外文
兒童英語教育學系(自費),外文
全校不分系學士學位學程,
全球政治經濟學系(蘭陽校園),經濟
全球政治經濟學系全英語學士班,經濟
全球政治經濟學系全英語學士班(蘭陽校園),經濟
公共事務學系,
公共事務與公民教育學系公共事務組,
公共事務與公民教育學系公民教育組,
公共事務與公民教育學系公民教育組(公費生),
公共與文化事務學系,
公共行政學系,
公共行政暨政策學系,
公共行政暨法律學系,法律
公共行政與政策學系,
公共衛生學系,公共衛生
公共衛生學系(A組),公共衛生
公共衛生學系(B組),公共衛生
公共衛生學系A組,公共衛生
公共衛生學系B組,公共衛生
公共衛生學系健康管理組,公共衛生
公共衛生學系環境衛生組,公共衛生
公共衛生學院大一不分系,
公務與公教學系公共事務組,
公務與公教學系公民教育組,
公民教育與活動領導學系,
公民教育與活動領導學系(公費)-新北市,
公民教育與活動領導學系(公費)-桃園市,
公民教育與活動領導學系(公費)-苗栗縣,
公民教育與活動領導學系(公費生),
公民教育與活動領導學系(公費生)-桃園縣,
公民教育與活動領導學系(公費生)-高雄市,
公民教育與活動領導系(公費),
公民教育與活動領導系(自費),
創意設計與建築學系,建築
創意設計與建築學系創意設計組,建築
創意設計與建築學系建築組,建築
創新國際學院學士班,
劇場藝術學系,
劇場藝術學系(女),
劇場藝術學系(男),
動力機械工程學系乙組,機械工程
動力機械工程學系甲組,機械工程
動物科學技術學系,
動物科學系,
勞工關係學系,
化學學系,
化學學系化學與生物化學組,
化學學系材料化學組,材料
化學工程及材料工程學系,化學工程
化學工程學系,化學工程
化學工程學系材料工程組,化學工程
化學工程學系生化工程組,化學工程
化學工程學系綠能製程組,化學工程
化學工程與材料工程學系,化學工程
化學工程與材料工程學系(材料工程組),化學工程
化學工程與材料工程學系(生化工程組),化學工程
化學工程與材料工程學系(製程及能源工程組),化學工程
化學工程與材料科學學系,化學工程
化學暨生物化學系,化學
化學生物系,
化學系,化學
化學系(公費),化學
化學系(公費)-花蓮縣,化學
化學系(公費生),化學
化學系(自費),化學
化學系化學生物組,化學
化學系化學生物組(A組),化學
化學系化學生物組(B組),化學
化學系化學組,化學
化學系材料化學組,材料
化學系英語組,外文
化工與材料工程學系,化學工程
化工與材料工程學系(化學工程組),化學工程
化工與材料工程學系(材料工程組),化學工程
區域與社會發展學系,
半導體工程學系固態電子組,
半導體工程學系奈米科學組,
半導體產業學士學位學程,
原住民族樂舞與藝術學士學位學程,
原子科學院學士班,
口腔衛生學系,
古蹟藝術修護學系,
台灣人文創新學士學位學程,
台灣文學系,
台灣語文學系,
台灣語文與傳播學系,新聞傳播
台灣語言與文化學系,化學
史地學系,
合作經濟學系,經濟
合作經濟暨社會事業經營學系,經濟
呼吸治療學系,
哲學系,哲學
商學院不分系,
商業大數據學系,
商業自動化與管理學系,
商業設計學系,
商業設計學系商業設計組,
商業設計學系產品設計組,
商業設計學系產品設計組乙類,
商業設計學系產品設計組甲類,
商管學院全球財務管理全英語學士學位學程,外文
商船學系,
國文學系,中文
國文學系(公費),中文
國文學系(公費)-新竹市,中文
國文學系(公費生),中文
國文學系(自費),中文
國文學系國文組,中文
國文學系國文組(公費),中文
國文學系國文組(自費),中文
國文學系應用中文組,中文
國語文學系,
國際企業學系,國際企業
國際企業學系A組,國際企業
國際企業學系B組,國際企業
國際企業學系國際商學全英語組,國際企業
國際企業學系經貿管理組,國際企業
國際企業管理全英語學士學位學程,企業管理
國際企業管理全英語學士學位學程A組,企業管理
國際企業管理全英語學士學位學程B組,企業管理
國際企業管理學士學位學程,企業管理
國際企業管理學士學位學程(英語專班),企業管理
國際學院國際經營管理學位學程,
國際文教與比較教育學系,
國際暨大陸事務學系,
國際溝通與科技創新學士學位學程,
國際經營管理全英語學士學位學程,外文
國際經營管理學位學程(英語專班),外文
國際經營與貿易學系,
國際經營與貿易學系(A組),
國際經營與貿易學系(B組),
國際經營與貿易學系(社會組),
國際經營與貿易學系(自然組),
國際經營與貿易學系國際企業管理全英語學士班,企業管理
國際觀光管理學系(蘭陽校園),
國際觀光管理學系全英語學士班,外文
國際觀光管理學系全英語學士班(全球跨域組),外文
國際觀光管理學系全英語學士班(海外實習組),外文
國際觀光管理學系全英語學士班(產業實習組),外文
國際觀光管理學系全英語學士班(蘭陽校園),外文
國際觀光管理學系全英語學士班(蘭陽校園)(海外實習組),外文
國際觀光管理學系全英語學士班(蘭陽校園)(產業實習組),外文
國際貿易學系,國際企業
國際農企業學士學位學程,
國際體育運動事務學士學位學程,
園藝學系,
園藝暨景觀學系,
圖文傳播學系,新聞傳播
圖文傳播藝術學系,新聞傳播
圖書資訊學系,
土地管理學系,
土地管理學系A組,
土地管理學系B組,
土壤環境科學系,
土木工程學系,土木工程
土木工程學系(科技暨基礎建設永續發展組),土木工程
土木工程學系工程設施組,土木工程
土木工程學系營建企業組,土木工程
土木與工程管理學系,土木工程
土木與水資源工程學系,土木工程
土木與水資源工程系土木組,土木工程
土木與水資源工程系水利組,土木工程
土木與環境工程學系,土木工程
土木與防災工程學系,土木工程
土耳其語文學系,
地政學系土地測量與資訊組,
地政學系土地管理組,
地政學系土地資源規劃組,
地景建築學系,建築
地球環境暨生物資源學系,
地球環境暨生物資源學系(公費)-臺北市,
地球環境暨生物資源學系(公費生),
地球環境暨生物資源學系(自費),
地球科學學系,
地球科學學院學士班,
地球科學系,
地球與環境科學系,
地理學系,地理
地理學系(公費生),地理
地理環境資源學系A組,地理
地理環境資源學系B組,地理
地質科學系,地質
城市發展學系,
外交學系,政治
外交與國際關係學系全英語學士班,政治
外國語文學系,外文
外國語言學系應用外語組,
外國語言學系英語教學組,外文
外國語言學系英語教學組(公費)-臺南市,外文
外國語言學系英語教學組(公費)-雲林縣,外文
外國語言學系英語教學組(公費生),外文
外國語言學系英語教學組(公費生)-嘉義縣,外文
外國語言學系英語教學組(自費),外文
多媒體動畫藝術學系,
多媒體動畫藝術學系(女),
多媒體動畫藝術學系(男),
大一不分系學士班,
大一全校不分系學士學位學程,
大數據商務應用學士學位學程,
大氣科學學系,大氣科學
大氣科學學系大氣組,大氣科學
大氣科學學系太空組,大氣科學
大氣科學系,大氣科學
大眾傳播學系,新聞傳播
太空科學與工程學系,
奈米科學及工程學士學位學程,
奈米科學及工程學士學位學程乙組(主修奈米),
奈米科學及工程學士學位學程甲組(主修半導體),
學士班大一大二不分系,
學習科學學士學位學程,
學習與媒材設計學系,
宗教學系,
客家語文暨社會科學學系,
客家語文暨社會科學學系客家社會及政策組,
客家語文暨社會科學學系客家語文及傳播組,
室內設計學士學位學程,
室內設計學系,
工商管理學系,企業管理
工商管理學系(工商創業組),企業管理
工商管理學系(工業管理組),企業管理
工商管理學系(數智商務組),企業管理
工商管理學系(社會組),企業管理
工商管理學系(自然組),企業管理
工商管理學系企業管理組,企業管理
工商管理學系企業管理組A組,企業管理
工商管理學系企業管理組B組,企業管理
工商管理學系企業管理組英文專班,企業管理
工商管理學系企管組英文專班,企業管理
工商管理學系科技管理組,企業管理
工學院學士班,
工業工程與工程管理學系,工業工程
工業工程與管理學系,工業工程
工業工程與管理學系(A組),工業工程
工業工程與管理學系(B組),工業工程
工業工程與管理學系(智慧製造組),工業工程
工業工程與管理學系(管理科學組),工業工程
工業工程與管理學系(電子化應用組),工業工程
工業工程與管理學系乙組,工業工程
工業工程與管理學系甲組,工業工程
工業工程與系統管理學系A組,工業工程
工業工程與系統管理學系B組,工業工程
工業工程與經營資訊學系(A組),工業工程
工業工程與經營資訊學系(B組),工業工程
工業工程與經營資訊學系(智慧經營與管理組),工業工程
工業工程與經營資訊學系(智慧設計與生產組),工業工程
工業工程與經營資訊系(A組),工業工程
工業工程與經營資訊系(B組),工業工程
工業教育學系,
工業教育學系能源應用組,
工業科技教育學系,
工業科技教育學系科技教育與訓練組,
工業科技教育學系科技教育與訓練組(公費)-臺南市,
工業科技教育學系科技教育與訓練組(自費),
工業科技教育學系能源與冷凍空調組,
工業與系統工程學系,工業工程
工業與系統工程學系工程組,工業工程
工業與系統工程學系管理組,工業工程
工業與資訊管理學系,資訊管理
工業設計學系,
工業設計學系(A組),
工業設計學系(B組),
工業設計學系(社會組),
工業設計學系(自然組),
工業設計學系媒體傳達設計組,
工業設計學系媒體與傳達設計組,
工業設計學系產品設計組,
工程學院英語學士學位學程,外文
工程學院英語學士班,外文
工程科學及海洋工程學系,
工程科學及海洋工程學系A組(船舶海洋應力計算領域),
工程科學及海洋工程學系B組(光機電資訊領域),
工程科學系,
工程與系統科學系乙組,
工程與系統科學系乙組(智慧奈米系統組),
工程與系統科學系甲組,
工程與系統科學系甲組(低碳綠能組),
工藝與創意設計學系,
工藝設計學系,
工藝設計學系(女),
工藝設計學系(男),
巨量資料管理學院學士學位學程,
巨量資料管理學院學士學位學程社會組,
巨量資料管理學院學士學位學程自然組,
幼兒教育學系,
幼兒教育學系(公費)-新竹市,
幼兒教育學系(公費)-桃園市,
幼兒教育學系(公費)-臺北市,
幼兒教育學系(公費)-花蓮縣,
幼兒教育學系(公費)-花蓮縣、限原住民,
幼兒教育學系(公費生),
幼兒教育學系(師培生),
幼兒教育學系(師資生),
幼兒教育學系(自費),
幼兒教育學系(非師培生),
幼兒教育學系(非師資生),
幼兒與家庭教育學系,
幼兒與家庭教育學系(公費)-新北市,
幼兒與家庭科學學系家庭生活與教育組,
幼兒與家庭科學學系幼兒發展與教育組,
廣告傳播學系,新聞傳播
廣告學系,新聞傳播
廣播電視學系,新聞傳播
建築學系,建築
建築學系(A組),建築
建築學系(B組),建築
建築專業學院學士班,
影像傳播學系,新聞傳播
微生物免疫與生物藥學系,藥學
微生物學系,生命科學
微生物學系應用微生物組,生命科學
微生物學系生物科技組,生命科學
德國文化學系,中文
德國文化學系A組,中文
德國文化學系B組,中文
德國語文學系,
德語語文學系,
心理學系,心理
心理學系(社會組),心理
心理學系(自然組),心理
心理與諮商學系,心理
應用化學系,化學
應用外國語文學系,外文
應用外國語言學系,
應用外國語言學系日文組,日文
應用外國語言學系英文組,外文
應用外語學系,
應用數學系,數學
應用數學系(A組),數學
應用數學系(B組),數學
應用數學系(公費)-臺東縣,數學
應用數學系A組,數學
應用數學系B組,數學
應用數學系應用數學組,數學
應用數學系數學科學組,數學
應用數學系數據科學與計算組,數學
應用數學系統計科學組,數學
應用數學系統計科學組(社會組),數學
應用數學系統計科學組(自然組),數學
應用數學系統計組,數學
應用數學系英語組,數學
應用數學與數據科學學系,數學
應用日語學系,日文
應用材料及光電工程學系,光電
應用歷史學系,歷史
應用物理學系,物理
應用物理學系(A組),物理
應用物理學系(B組),物理
應用物理學系光電組,物理
應用物理學系材料及奈米科技組,物理
應用物理暨化學系,物理
應用物理暨化學系應用化學組,化學
應用物理暨化學系電子物理組,物理
應用物理系,物理
應用物理系光電暨材料組,物理
應用物理系半導體組,物理
應用物理系物理組,物理
應用科學系化學及奈米科學組,
應用科學系奈米科學組,
應用科學系奈米科學組(公費生),
應用科學系應用物理組,物理
應用科學系材料科學組,材料
應用科學系物理暨光電科學組,光電
應用科學系生命科學組,生命科學
應用經濟學系,經濟
應用經濟與管理學系,經濟
應用經濟與管理學系應用經濟組,經濟
應用經濟與管理學系管理組,經濟
應用經濟與管理系應用經濟組,經濟
應用美術學系,
應用英語學系,外文
應用華語文學系,
應用電子科技學系,
應用音樂學系,
應用音樂學系(藝術管理組),
應用音樂學系(音樂工程創作組),
應用音樂學系(音樂工程與創作組),
應用音樂學系(音樂行政組),
應用音樂系(音樂工程創作組),
成人及繼續教育學系,
成功大學學士學位學程,
戲劇創作與應用學系(女),
戲劇創作與應用學系(男),
戲劇學系,
戲劇學系(女),
戲劇學系(男),
政治學系,政治
政治學系公共行政組,政治
政治學系國際關係組,政治
政治學系政治理論組,政治
政治法律學系,法律
政治經濟學系,經濟
教育學系,
教育學系(公費),
教育學系(公費)-新竹市,
教育學系(公費)-新竹縣,
教育學系(公費)-桃園市,
教育學系(公費)-臺東縣,
教育學系(公費)-雲林縣,
教育學系(公費)-高雄市,
教育學系(公費-特殊教育專長)-臺北市,
教育學系(公費-生活科技專長)-新竹縣,
教育學系(公費-輔導活動專長)-臺北市,
教育學系(公費生),
教育學系(公費生)-嘉義市,
教育學系(公費生)-嘉義縣,
教育學系(公費生)-雲林縣,
教育學系(公費英語)-雲林縣,外文
教育學系(公費體育)-雲林縣,
教育學系(自費),
教育學院學士班,
教育學院學士班教育心理與輔導組,
教育學院學士班教育科技與數位學習組,
教育學院學士班教育科技與資訊組,
教育心理與諮商學系,心理
教育心理與諮商學系乙組,心理
教育心理與諮商學系甲組,心理
教育心理與輔導學系,心理
教育政策與行政學系,
教育科技學系,
教育經營與管理學系,
教育與學習科技學系,
教育與學習科技學系(公費)-新竹市,
教育與學習科技學系(公費)-臺中市,
教育與學習科技學系(公費生),
教育與學習科技學系(公費生)-桃園縣,
教育與學習科技學系(公費生)-雲林縣,
教育與學習科技學系(公費英語)-桃園市,外文
教育與學習科技學系(自費),
教育與未來設計學系,
教育與潛能開發學系,
教育與潛能開發學系(自費),
教育行政與管理學系,
教育領導與科技發展學士學位學程,
數位內容科技學系,
數位媒體與文教產業學系,
數位學習科技學系,
數位學習科技學系(數位學習內容組),
數位學習科技學系(數位學習系統組),
數位學習科技學系(社會組),
數位學習科技學系(自然組),
數位學習設計與管理學系,
數位學習設計與管理學系(媒體互動設計組),
數位學習設計與管理學系(社會組),
數位學習設計與管理學系(自然組),
數位學習設計與管理學系(資訊科技與管理組),
數位科技設計學系,
數位科技設計學系(創意設計組),
數位科技設計學系(資訊應用組),
數位科技設計學系創意設計組,
數位科技設計學系資訊應用組,
數位金融科技學系,財務金融
數位金融科技學系(乙組),財務金融
數位金融科技學系(甲組),財務金融
數學學系數學組,數學
數學學系資料科學與數理統計組,統計
數學教育學系,數學
數學教育學系(公費)-臺南市,數學
數學教育學系(自費),數學
數學暨資訊教育學系人工智慧與資訊教育組,數學
數學暨資訊教育學系數學組,數學
數學暨資訊教育學系數學組(公費)-新竹市,數學
數學暨資訊教育學系數學組(女),數學
數學暨資訊教育學系數學組(男),數學
數學暨資訊教育學系資訊組(公費-北寮)-臺南市,數學
數學暨資訊教育學系資訊組(公費-層林)-臺南市,數學
數學暨資訊教育學系資訊組(公費-甲中)-臺南市,數學
數學暨資訊教育學系資訊組(女),數學
數學暨資訊教育學系資訊組(男),數學
數學暨資訊教育系數學組(女),數學
數學暨資訊教育系數學組(男),數學
數學暨資訊教育系資訊組(女),數學
數學暨資訊教育系資訊組(男),數學
數學系,數學
數學系(公費),數學
數學系(公費)-嘉義縣,數學
數學系(公費)-臺中市,數學
數學系(公費)-臺南市,數學
數學系(公費生),數學
數學系(公費生)-嘉義市,數學
數學系(公費生)-桃園縣,數學
數學系(公費生)-臺中市,數學
數學系(自費),數學
數學系乙組(應用數學組),數學
數學系應用數學組,數學
數學系數學科學組,數學
數學系數學組,數學
數學系數學組(公費),數學
數學系數學組(自費),數學
數學系甲組(數學組),數學
數學系純數學組,數學
數學系純粹數學組,數學
數學系計算與資料科學組,數學
數學系資料科學與數理統計組,統計
數學系資訊數學組,數學
數據科學與數學系,數學
文化創意產業學系,
文化創意產業經營學系,
文化創意產業設計與營運學系,
文化創意與數位行銷學系,
文化與自然資源學系,
文化觀光產業學系,
文化資源與休閒產業學系,
文學院學士班,
斯拉夫語文學系,
新聞傳播學系,新聞傳播
新聞學系,新聞傳播
族群關係與文化學系,化學
日本語文學系,日文
日本語言文化學系,化學
昆蟲學系,
景觀學系,
景觀學系(A組),
景觀學系(B組),
景觀學系(社會組),
景觀學系(自然A組),
景觀學系(自然B組),
景觀學系(自然組),
景觀與遊憩學士學位學程,
景觀設計學系(社會組),
景觀設計學系(自然組),
智慧創意工程學士學位學程,
智慧機器人學系,
智慧計算暨應用數學系,數學
智慧計算暨應用數學系(A組),數學
智慧計算暨應用數學系(B組),數學
智慧車輛工程學系,
書畫藝術學系,
會計學系,會計
會計學系(A組),會計
會計學系(B組),會計
會計學系(社會組),會計
會計學系(自然組),會計
會計學系A組,會計
會計學系B組,會計
會計與資訊科技學系,會計
會計與資訊科技學系乙組,會計
會計與資訊科技學系甲組,會計
木質材料與設計學系,材料
材料科學及工程學系,材料
材料科學工程學系,材料
材料科學工程學系乙組,材料
材料科學工程學系甲組,材料
材料科學系,材料
材料科學與工程學系,材料
材料科學與工程學系-伊利諾雙聯組,材料
材料科學與工程學系乙組,材料
材料科學與工程學系甲組,材料
材料與光電科學學系,光電
材料與光電科學學系丙組,光電
材料與光電科學學系乙組,光電
材料與光電科學學系全英語組,光電
材料與光電科學學系甲組,光電
材質創作與設計系,
東亞學系,
東亞學系政治與經濟組,經濟
東亞學系漢學與文化組,
東亞語文學系日語組,日文
東亞語文學系越語組,
東亞語文學系韓語組,
東南亞學系,
東南亞學系人類學組,
東南亞學系東南亞組,
東南亞語文學系印尼文組,
東南亞語文學系泰文組,
東南亞語文學系越文組,
東南亞語言與文化學士學位學程,
東南亞語言與文化學士學位學程印尼文組,
東南亞語言與文化學士學位學程泰文組,
東南亞語言與文化學士學位學程越文組,
森林學系木材科學組,
森林學系林學組,
森林學系林學組(公費生),
森林暨自然資源學系,
森林環境暨資源學系,
植物病理學系,
植物病理與微生物學系,生命科學
植物醫學系,醫學
機械工程國際學士學位學程,機械工程
機械工程學系,機械工程
機械工程學系(普渡雙聯組),機械工程
機械工程學系乙組,機械工程
機械工程學系先進材料與精密製造組,機械工程
機械工程學系光機電工程組,機械工程
機械工程學系光機電整合工程組,機械工程
機械工程學系前瞻半導體國際組,機械工程
機械工程學系智慧系統與永續能源組,機械工程
機械工程學系材料精密製造組,機械工程
機械工程學系機械工程組,機械工程
機械工程學系甲組,機械工程
機械工程學系設計與分析組,機械工程
機械機電工程系光機電整合組,機械工程
機械機電工程系精密機械組,機械工程
機械與機電工程學系,機械工程
機械與機電工程學系乙組,機械工程
機械與機電工程學系光機電整合組,機械工程
機械與機電工程學系全英語組,機械工程
機械與機電工程學系甲組,機械工程
機械與機電工程學系精密機械組,機械工程
機械與能源工程學系,機械工程
機械與電腦輔助工程學系,機械工程
機電工程學系,
機電科技學系,
歐洲語文學系俄文組,
歐洲語文學系德文組,
歐洲語文學系法文組,
歐洲語文學系西文組,
歐洲語文學系西班牙文組,
歷史學系,歷史
歷史與地理學系,歷史
民族事務與發展學系,
民族學系,
民族發展與社會工作學系,社會工作
民族發展與社會工作學系民族發展組,社會工作
民族發展與社會工作學系社會工作組,社會工作
民族社會工作學士學位學程,社會工作
民族語言與傳播學系,新聞傳播
水利及海洋工程學系,
水利工程與資源保育學系,
水利工程與資源保育學系A組,
水利工程與資源保育學系B組,
水土保持學系,
水生生物科學系,生命科學
水產養殖學系,
水資源及環境工程學系,
水資源及環境工程學系水資源工程組,
水資源及環境工程學系環境工程組,
水資源環境工程系水資源組,
水資源環境工程系環境工程組,
永續科學與工程學士學位學程,
永續科學與管理學士學位學程,
河海工程學系,
法國語文學系,
法律學士學位學程,法律
法律學系,法律
法律學系司法組,法律
法律學系法制組,法律
法律學系法學組,法律
法律學系財經法學組,法律
法律學系財經法組,法律
法律與政府學系,法律
海洋工程科技學士學位學程,
海洋文創設計產業學士學位學程,
海洋法政學士學位學程,
海洋環境及工程學系,
海洋環境資訊系,
海洋生物科技學士學位學程,
海洋生物科技暨資源學系,
海洋科學學士學位學程,
海洋科學系,
海洋經營管理學士學位學程,
海洋與邊境管理學系,
海洋觀光管理學士學位學程,
測量及空間資訊學系,
營養學系,
營養科學學士學位學程,
營養科學系,
牙醫學系,牙醫
牙體技術學系,
物理學系,物理
物理學系(公費),物理
物理學系(公費)-臺南市,物理
物理學系(公費)-苗栗縣,物理
物理學系(天文與基礎物理組),物理
物理學系(自費),物理
物理學系(量子材料組),材料
物理學系一般物理組,物理
物理學系光電物理組,光電
物理學系光電科學組,光電
物理學系光電組,光電
物理學系光電與材料科學組,光電
物理學系國際組,物理
物理學系奈米與光電科學組,光電
物理學系應用物理組,物理
物理學系物理組,物理
物理學系物理組(一般組),物理
物理學系物理組(乙組天文物理組),物理
物理學系物理組(公費生),物理
物理學系物理組(天文物理組),物理
物理學系物理組(甲組一般組),物理
物理學系物理組(自費),物理
物理學系量子科技組(全英),物理
物理學系電子物理組,物理
物理治療學系,物理治療
物理治療暨輔助科技學系,物理治療
物理系物理組(公費)-彰化縣,
物理系物理組(公費)-雲林縣,
特殊教育學系,
特殊教育學系(公費),
特殊教育學系(公費)-嘉義縣,
特殊教育學系(公費)-彰化縣,
特殊教育學系(公費)-桃園市,
特殊教育學系(公費)-臺中市,
特殊教育學系(公費)-臺北市,
特殊教育學系(公費)-臺東縣,
特殊教育學系(公費)-雲林縣,
特殊教育學系(公費國文)-臺北市,中文
特殊教育學系(公費生),
特殊教育學系(公費生)-雲林縣,
特殊教育學系(公費英語)-臺北市,外文
特殊教育學系(公費資賦優異類)-臺北市,
特殊教育學系(公費身心障礙類)-臺北市,
特殊教育學系(女),
特殊教育學系(文組),
特殊教育學系(理組),
特殊教育學系(男),
特殊教育學系(自費),
特殊教育系(資賦優異組公費),
特殊教育系(身心障礙組公費),
犯罪防治學系,
獸醫學系,獸醫
獸醫學系(公費生)-花蓮縣,獸醫
理學院,
理學院學士班,
理學院尖端材料科學學士學位學程,材料
理學院科學學士學位學程甲組,
理工學院大數據科學國際學士班,
環境工程學系,
環境工程與科學學系,
環境生物與漁業科學學系,
環境科學與工程學系,
環境科學與工程學系(自然A組),
環境科學與工程學系(自然B組),
環境科學與工程系(自然A組),
環境科學與工程系(自然B組),
環境與安全衛生工程學系,
環境與安全衛生工程學系(乙組),
環境與安全衛生工程學系(甲組),
環境與安全衛生工程系(乙組),
環境與安全衛生工程系(甲組),
環境與文化資源學系,
生化暨分子醫學科學系,
生化科技學系,
生命科學暨生物科技學系,生命科學
生命科學暨醫學院學士班,
生命科學系,生命科學
生命科學系(公費),生命科學
生命科學系(公費生),生命科學
生命科學系(生態暨生物多樣性組),生命科學
生命科學系(生物醫學組),生命科學
生命科學系(自費),生命科學
生命科學系暨基因體研究所,生命科學
生命科學系暨基因體科學研究所,生命科學
生命科學系生態暨生物多樣性組,生命科學
生命科學系生態生物多樣性組,生命科學
生命科學系生物醫學組,生命科學
生命科學院學士班,
生命科學院學士班(英語組),
生態暨環境資源學系,
生態科學與技術學系,
生物事業管理學系,
生物學系,生命科學
生物學系(公費生),生命科學
生物技術與動物科學系,
生物機電工程學系,
生物環境工程學系,
生物環境系統工程學系,
生物產業傳播暨發展學系,
生物產業機電工程學系,
生物產業機電工程學系(公費生),
生物科學系,生命科學
生物科學系英語組,外文
生物科技學士學位學程,
生物科技學系,
生物科技學系乙組,
生物科技學系甲組,
生物科技系,
生物科技與產業科學系,
生物資源學系,
生物農業科技學系,
生物醫學工程學系,生醫工程
生物醫學工程學系(國際雙聯組),生醫工程
生物醫學影像暨放射科學學系,生命科學
生物醫學影像暨放射科學系,生命科學
生物醫學暨環境生物學系,生命科學
生物醫學科學學系,生命科學
生物醫學科學系,生命科學
生物醫學科技學系全英語學士班生物醫學組,生命科學
生物醫學科技學系全英語學士班生醫工程組,生醫工程
生物醫學系,生命科學
生醫工程與環境科學系,生醫工程
生醫科學與工程學系,
產業經濟學系,經濟
畜產與生物科技學系,
畜產與生物科技學系(A組),
畜產與生物科技學系(B組),
畜產與生物科技學系(C組),
社會學系,社會學
社會工作學系,社會工作
社會政策與社會工作學系,社會工作
社會教育學系,
社會暨公共事務學系,
社會暨公共行政學系,
社會暨政策科學學系,
社會發展學系,
社會福利學系,社會工作
社會與區域發展學系,
科學傳播學系,新聞傳播
科學應用與推廣學系,
科學教育與應用學系,
科學教育與應用學系(公費)-嘉義縣、限原住民,
科學教育與應用學系(自費),
科技學院學士班,
科技應用與人力資源發展學系,
科技應用與人力資源發展學系(公費)-臺南市,
科技應用與人力資源發展學系(自費),
科技管理學系,
科技管理學院學士班,
科普傳播學系,新聞傳播
競技與運動科學學系,
竹師教育學院學士班,
竹師教育學院學士班乙組(永續發展教育組),
竹師教育學院學士班甲組(雙專長組),
管理學院學士班,
管理學院學士班(主修：企業管理),
管理學院學士班(主修：國際企業),
管理學院學士班(主修：國際企業管理),
管理學院學士班(主修：數位行銷與人力資源),
管理學院學士班(主修：會計),
管理學院學士班(主修：財務金融),
管理學院學士班(主修：財務金融A組),
管理學院學士班(主修：財務金融B組),
管理學院學士班(主修：財務金融C組),
管理學院學士班(企業管理),
管理學院學士班(國際企業),
管理學院學士班(會計),
管理學院學士班(英語專班),
管理學院學士班(財務金融),
管理學院數位行銷與服務創新國際學士班,
管理學院會計與資訊管理國際學士班,資訊管理
管理學院會計與資訊管理國際學士班智慧會計與風險管理組,資訊管理
管理學院會計與資訊管理國際學士班會計資訊與電腦稽核組,資訊管理
管理學院管理科學與財金國際學士學位學程,財務金融
管理科學學系,
管理科學學系(事業經營組),
管理科學學系(企業經營與行銷流通組),
管理科學學系(大數據資料分析應用組),
管理科學學系(行銷與流通管理組),
管理科學系,
管理科學系(社會組),
管理科學系(自然組),
精密系統設計學士學位學程,
系統及船舶機電工程學系,
系統工程暨造船學系,
紫荊不分系學士學位學程乙組,
紫荊不分系學士學位學程甲組,
統計學系,統計
統計學系(A組),統計
統計學系(B組),統計
統計學系(大數據與決策管理組),統計
統計學系(大數據與資料科學組),統計
統計學系(巨量資料管理組),統計
統計學系(決策管理組),統計
統計學系(社會組),統計
統計學系(自然組),統計
統計學系商業大數據組,統計
統計學系大數據分析與市場決策組,統計
統計學系社會組,統計
統計學系自然組,統計
統計與資料科學學系,統計
統計資訊學系,統計
經濟學系,經濟
經濟學系(A組),經濟
經濟學系(B組),經濟
經濟學系(社會組),經濟
經濟學系(自然組),經濟
經濟學系A組,經濟
經濟學系B組,經濟
經濟學系一般經濟組,經濟
經濟學系產業經濟組,經濟
經濟學系第1組,經濟
經濟學系第2組,經濟
經營管理學系,
經營與管理學系,
綠能與資訊科技學系,
綠色能源科技學系,
綠色與資訊科技學士學位學程,
縱谷跨域書院學士學位學程,
織品服裝學系服飾設計組,
織品服裝學系織品服飾行銷組,
織品服裝學系織品設計組,
纖維與複合材料學系,材料
美術學系,
美術學系(公費生),
美術學系國畫組,
美術學系國畫組(公費)-桃園市,
美術學系水墨畫組,
美術學系繪畫組,
美術學系西畫組,
美術學系西畫組(公費)-桃園市,
美術產業學系,
義大利語文學系,
老人護理暨管理學系,護理
職業安全與衛生學系,
職業安全衛生學系,
職能治療學系,職能治療
能源工程國際學士學位學程,
能源工程學系,
臨床心理學系,心理
自動控制工程學系,
自動控制工程學系乙組,
自動控制工程學系甲組,
自然科學教育學系,
自然科學教育學系(公費)-臺中市,
自然科學教育學系(公費)-臺北市,
自然科學教育學系(女),
自然科學教育學系(男),
自然科學教育學系(自費)(女),
自然科學教育學系(自費)(男),
自然資源與環境學系,
自然資源與環境學系地球科學組,
自然資源與環境學系環境管理與環境教育組,
自然資源與環境學系生態與保育組,
臺灣文化學系,化學
臺灣語文學系,
臺灣語文與傳播學系,新聞傳播
航太與系統工程學系,
航空太空工程學系,
航運管理學系,
英國語文學系,外文
英文學系,外文
英文學系全英語學士班,外文
英美語文學系,外文
英美語文學系(公費)-花蓮縣,外文
英美語言文化學系(蘭陽校園),化學
英美語言文化學系全英語學士班(蘭陽校園),外文
英語學系,外文
英語學系(公費),外文
英語學系(公費)-內門國中,外文
英語學系(公費)-桃園市,外文
英語學系(公費)-潮寮國中,外文
英語學系(公費)-臺中市,外文
英語學系(公費)-臺南市,外文
英語學系(公費)-高雄市,外文
英語學系(公費生),外文
英語學系(公費生)-彰化縣,外文
英語學系(公費生)-臺中市,外文
英語學系(社會組),外文
英語學系(自然組),外文
英語學系(自費),外文
英語教學系,外文
英語教學系(公費)-新竹縣,外文
英語教學系(公費生),外文
英語教學系(自費),外文
華文文學系,
華文文學與創作學系,
華語文學系,
華語文教學系應用華語文學組,
藝術創意產業學系,
藝術史學系,
藝術史與文化資產學系,
藝術學院學士班,
藝術與設計學系,
藝術與設計學系創作組,
藝術與設計學系創作組(女),
藝術與設計學系創作組(男),
藝術與設計學系設計組,
藝術與造形設計學系藝術組,
藝術與造形設計學系藝術組(公費)-高雄市,
藝術與造形設計學系藝術組(公費生)-桃園縣,
藝術與造形設計學系藝術組(公費生)-雲林縣,
藝術與造形設計學系藝術組(女),
藝術與造形設計學系藝術組(男),
藝術與造形設計學系藝術組(自費),
藝術與造形設計學系藝術組(自費)(女),
藝術與造形設計學系藝術組(自費)(男),
藝術與造形設計學系藝術組(自費女),
藝術與造形設計學系藝術組(自費男),
藝術與造形設計學系設計組,
藝術與造形設計系藝術組(女),
藝術與造形設計系藝術組(男),
藥學系,藥學
藥學系臨床藥學組,藥學
藥學系藥學組,藥學
藥用化妝品學系,
行政管理學系,
行政管理暨政策學系,
行銷學系,
行銷與流通管理學系,
行銷與管理學系,
行銷與觀光管理學系,
行銷與運籌學系,
衛生福利學系,
表演藝術學士學位學程,
表演藝術學系,
西洋語文學系,
西班牙語文學系,
視光學系,
視覺傳達設計學系,
視覺藝術學系,
視覺藝術學系(公費)-臺中市,
視覺藝術學系(公費生),
視覺藝術學系(自費),
視覺藝術學系數位媒體設計組,
視覺藝術學系美術組,
視覺藝術學系造形藝術組,
視覺藝術與設計學系,
視覺設計學系,
觀光休閒與餐旅管理學系觀光休閒組,
觀光休閒與餐旅管理學系餐旅管理組,
觀光暨休閒遊憩學系,
觀光管理學系,
計量財務金融學系,財務金融
計量財務金融學系乙組,財務金融
計量財務金融學系甲組,財務金融
設計學系,
設計學系A組,
設計學系B組,
設計學系平面與媒體設計組,
設計學系產品與室內設計組,
設計學系產品設計組,
設計學系視覺設計組,
語文教育學系,
語文與創作學系文學創作組,
語文與創作學系語文師資組,
語文與創作學系語文師資組(公費)-新竹市,
語文與創作學系語文師資組(公費生),
語言治療與聽力學系聽力組,
語言治療與聽力學系語言治療組,
語言治療與聽力系語言治療組,
課程設計與潛能開發學系,
課程設計與潛能開發學系(公費生)-臺北市,
課程設計與潛能開發學系(公費生)-花蓮縣,
諮商心理與人力資源發展學系,心理
諮商心理與人力資源發展學系終身學習與人力資源發展組,心理
諮商心理與人力資源發展學系諮商心理組,心理
諮商與應用心理學系,心理
諮商與臨床心理學系,心理
諮商與臨床心理學系(社會組),心理
諮商與臨床心理學系(自然組),心理
諮商與輔導學系,
護理學系,護理
護理學系(A組),護理
護理學系(B組),護理
護理學系(女),護理
護理學系(男),護理
財務工程與精算學士學位學程,
財務工程與精算數學系,數學
財務工程與精算數學系社會組,數學
財務工程與精算數學系自然組,數學
財務管理學系,
財務管理學系(A組),
財務管理學系(B組),
財務管理學系(社會組),
財務管理學系(自然組),
財務金融學系,財務金融
財務金融學系A組,財務金融
財務金融學系B組,財務金融
財務金融學系全球財務管理全英語學士班,財務金融
財政學系,
財政學系(A組),
財政學系(B組),
財政學系(社會組),
財政學系(自然組),
財稅學系,
財經法律學系,法律
財經法律學系科技法組,法律
財經法律學系財貿法組,法律
資料科學系,
資源工程學系,
資訊傳播學系,新聞傳播
資訊傳播學系(數位媒體設計-創作組),新聞傳播
資訊傳播學系(數位媒體設計-美術組),新聞傳播
資訊傳播學系(智慧科技應用組),新聞傳播
資訊傳播學系科技組,新聞傳播
資訊傳播學系科技組(互動媒體與遊戲設計),新聞傳播
資訊傳播學系科技組(智慧科技應用),新聞傳播
資訊傳播學系科技組(第一類組),新聞傳播
資訊傳播學系科技組(第二類組),新聞傳播
資訊傳播學系設計組,新聞傳播
資訊傳播學系設計組(創作組),新聞傳播
資訊傳播學系設計組(美術組),新聞傳播
資訊創新與科技學系應用資訊全英語組(蘭陽校園),外文
資訊創新與科技學系應用資訊組(蘭陽校園),
資訊創新與科技學系軟體工程全英語組(蘭陽校園),外文
資訊創新與科技學系軟體工程組(蘭陽校園),
資訊創新與科技學系通訊科技組(蘭陽校園),
資訊創新與科技系軟體工程組,
資訊創新與科技系通訊科技組,
資訊學院英語學士學位學程,外文
資訊學院英語學士班,外文
資訊工程學系,資訊工程
資訊工程學系(A組),資訊工程
資訊工程學系(B組),資訊工程
資訊工程學系(人工智慧組),資訊工程
資訊工程學系(公費)-臺南市,資訊工程
資訊工程學系(普渡雙聯組),資訊工程
資訊工程學系(自費),資訊工程
資訊工程學系(資訊工程組),資訊工程
資訊工程學系(資訊應用組),資訊工程
資訊工程學系(資訊電子組),資訊工程
資訊工程學系(資電工程組),資訊工程
資訊工程學系(軟體工程組),資訊工程
資訊工程學系丙組(人工智慧組),資訊工程
資訊工程學系乙組,資訊工程
資訊工程學系乙組(資訊工程組),資訊工程
資訊工程學系全英語學士班,資訊工程
資訊工程學系國際組,資訊工程
資訊工程學系數位創意組,資訊工程
資訊工程學系甲組,資訊工程
資訊工程學系甲組(電子資訊組),資訊工程
資訊工程學系網路多媒體組,資訊工程
資訊工程學系網路與多媒體工程組,資訊工程
資訊工程學系資工組,資訊工程
資訊工程學系資訊工程組,資訊工程
資訊工程學系資電工程組,資訊工程
資訊工程學系軟體工程組,資訊工程
資訊工程系乙組(資訊工程組),資訊工程
資訊工程系甲組(電子資訊組),資訊工程
資訊科學系,資訊工程
資訊科學系(人工智慧組),資訊工程
資訊科學與工程學系,資訊工程
資訊管理學系,資訊管理
資訊管理學系(A組),資訊管理
資訊管理學系(B組),資訊管理
資訊管理學系(C組),資訊管理
資訊管理學系(數位行銷與電子商務應用組),資訊管理
資訊管理學系(數位金融科技組),資訊管理
資訊管理學系(數據分析與創新組),資訊管理
資訊管理學系(物聯網與大數據應用組),資訊管理
資訊管理學系(社會組),資訊管理
資訊管理學系(自然組),資訊管理
資訊管理學系數位內容科技與管理組,資訊管理
資訊管理學系數位科技管理組,資訊管理
資訊管理學系社會組,資訊管理
資訊管理學系自然組,資訊管理
資訊管理學系資訊管理組,資訊管理
資訊管理與財務金融學系財務金融組,資訊管理
資訊管理與財務金融學系財務金融組(社會組),資訊管理
資訊管理與財務金融學系財務金融組(自然組),資訊管理
資訊管理與財務金融學系資訊管理組,資訊管理
資訊與圖書館學系,
資訊與財金管理學系乙組,財務金融
資訊與財金管理學系甲組,財務金融
資訊電機學院不分系榮譽班,
資訊電機學院不分系榮譽班乙組,
資訊電機學院不分系榮譽班甲組,
資訊電機學院學士班,
資訊電機學院學士班乙組,
資訊電機學院學士班甲組,
跨領域全英語學士學位學程,外文
身心整合與運動休閒產業學系,
車輛與能源工程學士學位學程,
軟體工程學系,
軟體工程與管理學系,
輔導與諮商學系,
輔導與諮商學系(公費)-高雄市,
輔導與諮商學系(自費),
輔導與諮商學系學校輔導與諮商組,
輔導與諮商學系學校輔導與諮商組(公費生),
輔導與諮商學系學校輔導與諮商組(公費生)-彰化縣,
輔導與諮商學系學校輔導與諮商組(公費生)-雲林縣,
輔導與諮商學系社區輔導與諮商組,
輔導諮商系校輔與學生事務組,
輔導諮商系社區諮商與社工組,
輪機工程學系,
輪機工程學系動力工程組,
輪機工程學系能源應用組,
農業化學系,農業化學
農業生物科技學系,
農業經濟學系,農業經濟
農業經濟學系A組,農業經濟
農業經濟學系B組,農業經濟
農藝學系,
通訊工程學系,
通訊工程學系(系統晶片設計組),
通訊工程學系(行動通訊組),
通訊工程學系(資訊通訊組),
通訊工程學系(通訊工程組),
通訊工程學系(電子資通組),
通訊工程學系(電子電路組),
通訊工程學系(電機通訊組),
通訊工程學系乙組,
通訊工程學系甲組,
通訊與導航工程學系,
運動事業管理學系,
運動保健學系A,
運動保健學系B,
運動健康科學學系,
運動健康科學系,
運動健康與休閒學系,
運動學系,
運動科學系,
運動競技學系,
運動管理學系(嘉義校區),
運動與休閒學系,
運動資訊與傳播學系,新聞傳播
運動資訊與傳播學系(傳播組),新聞傳播
運動資訊與傳播學系(傳播組)(嘉義校區),新聞傳播
運動資訊與傳播學系(嘉義),新聞傳播
運動資訊與傳播學系(資訊組),新聞傳播
運動資訊與傳播學系(資訊組)(嘉義校區),新聞傳播
運動醫學系,
運輸科學系,
運輸科學系A組,
運輸科學系B組,
運輸科技與管理學系,
運輸管理學系,
運輸與物流學系,
運輸與物流管理學系,
適應體育學系,
適應體育學系A,
適應體育學系B,
都市計劃學系,
都市計劃學系(社會組),
都市計劃學系(自然組),
都市計畫與景觀學系,
都市計畫與空間資訊學系,
都市計畫與空間資訊學系乙組,
都市計畫與空間資訊學系甲組,
都市計畫與空間資訊學系空間資訊組,
都市計畫與空間資訊學系都市計畫組,
都會產業經營與行銷學系,
都計與空間資訊系空間資訊組,
都計與空間資訊系都市計畫組,
醫務管理學系,
醫務管理學系(社會組),
醫務管理學系(自然組),
醫務管理暨醫療資訊學系,
醫學工程學系,生醫工程
醫學影像暨放射科學系,
醫學應用化學系,化學
醫學檢驗暨生物技術學系,醫檢
醫學檢驗生物技術學系,醫檢
醫學生物技術暨檢驗學系,
醫學社會學與社會工作學系,社會工作
醫學社會工作系(社會工作組),社會工作
醫學社會工作系(醫學社會組),社會工作
醫學社會暨社會工作學系,社會工作
醫學科學系,
醫學系,醫學
醫學系(公費),醫學
醫學系(自費),醫學
醫學資訊學系,
醫學資訊與創新應用學士學位學程,
醫檢暨生物技術系生物技術組,
醫檢暨生物技術系醫事檢驗組,
醫療產業科技管理學系,
醫療資訊學系,
醫藥暨應用化學系應用化學組,化學
醫藥暨應用化學系醫藥化學組,化學
金融學系,財務金融
金融學系(A組),財務金融
金融學系(B組),財務金融
金融學系(社會組),財務金融
金融學系(自然組),財務金融
金融學系社會組,財務金融
金融學系自然組,財務金融
金融學院學士班,
金融管理學系,財務金融
金融與合作經營學系,財務金融
金融與國際企業學系,財務金融
長期照護學系,
阿拉伯語文學系,
雕塑學系,
雕塑學系(女),
雕塑學系(男),
電子工程學系,電子工程
電子工程學系(乙組),電子工程
電子工程學系(乙組)(女),電子工程
電子工程學系(乙組)(男),電子工程
電子工程學系(甲組),電子工程
電子工程學系(甲組)(女),電子工程
電子工程學系(甲組)(男),電子工程
電子工程學系乙組,電子工程
電子工程學系甲組,電子工程
電子物理學系,物理
電子物理學系光電奈米組,光電
電子物理學系光電與奈米科學組,光電
電子物理學系電子物理組,物理
電影學系,
電機工程學系,電機工程
電機工程學系(A組),電機工程
電機工程學系(B組),電機工程
電機工程學系(丙組),電機工程
電機工程學系(乙組),電機工程
電機工程學系(乙組)(A組),電機工程
電機工程學系(乙組)(B組),電機工程
電機工程學系(普渡雙聯組),電機工程
電機工程學系(甲組),電機工程
電機工程學系(電機與系統組),電機工程
電機工程學系(電機資訊組),電機工程
電機工程學系(電機通訊組),電機工程
電機工程學系IC設計與無線通訊組,電機工程
電機工程學系丙組,電機工程
電機工程學系丙組(醫學電資組),電機工程
電機工程學系乙組,電機工程
電機工程學系乙組(電機工程組),電機工程
電機工程學系全英語組,電機工程
電機工程學系半導體工程組,電機工程
電機工程學系半導體組,電機工程
電機工程學系奈米電子與能源技術組,電機工程
電機工程學系智慧系統組,電機工程
電機工程學系甲組,電機工程
電機工程學系甲組(電資國際組),電機工程
電機工程學系系統晶片設計組,電機工程
電機工程學系系統與晶片設計組,電機工程
電機工程學系英語組,電機工程
電機工程學系通訊組,電機工程
電機工程學系電子資訊組,電機工程
電機工程學系電子通訊組,電機工程
電機工程學系電機與系統組,電機工程
電機工程學系電機資訊組,電機工程
電機工程學系電機通訊組,電機工程
電機工程學系電腦與通訊工程組,
電機工程系系統與晶片設計組,電機工程
電機工程系電腦與通訊工程組,
電機資訊學士班,電機工程
電機資訊學院學士班,
電機資訊學院學士班乙組,
電機資訊學院學士班甲組,
電機資訊學院智慧運算與大數據學士班,電機工程
電機通訊學院英語學士學位學程,電機工程
電機通訊學院英語學士班,電機工程
電腦科學與人工智慧學系,
電腦與智慧型機器人學位學程,
電腦與智慧型機器人學士學位學程,
電腦與通訊學系,
電資學院學士班,
韓國語文學系,
音樂學系,
音樂學系(公費),
音樂學系(公費)-桃園市,
音樂學系(公費)-臺中市,
音樂學系(公費)-臺南市,
音樂學系(公費)-花蓮縣,
音樂學系(公費)-雲林縣,
音樂學系(公費)-高雄市,
音樂學系(公費-臺南市),
音樂學系(公費-高雄市),
音樂學系(公費生),
音樂學系(自費),
音樂學系(自費)-綜合樂器,
音樂學系(自費)-鋼琴,
音樂學系-上低音號,
音樂學系-中國傳統樂器,
音樂學系-中提琴,
音樂學系-低音提琴,
音樂學系-低音號,
音樂學系-單簧管,
音樂學系-大提琴,
音樂學系-小提琴,
音樂學系-小號,
音樂學系-弦樂,
音樂學系-弦樂.銅管.木管.擊樂,
音樂學系-弦樂、理論作曲,
音樂學系-弦樂、銅管樂、木管樂,
音樂學系-擊樂,
音樂學系-擊樂、理論作曲,
音樂學系-木管樂,
音樂學系-木管樂(自費),
音樂學系-法國號,
音樂學系-理論作曲,
音樂學系-絃樂,
音樂學系-絃樂(自費),
音樂學系-絃樂、銅管、木管,
音樂學系-絃樂、銅管樂、木管樂,
音樂學系-絃樂、銅管樂、木管樂、擊樂,
音樂學系-綜合樂器,
音樂學系-聲樂,
音樂學系-聲樂(自費),
音樂學系-聲樂.弦樂.理論作曲,
音樂學系-聲樂、弦樂,
音樂學系-聲樂、弦樂、理論作曲,
音樂學系-薩克斯管,
音樂學系-銅管、木管,
音樂學系-銅管、木管、擊樂,
音樂學系-銅管樂,
音樂學系-銅管樂(自費),
音樂學系-銅管樂.木管樂,
音樂學系-銅管樂.木管樂.擊樂,
音樂學系-銅管樂、木管樂,
音樂學系-銅管樂、木管樂、擊樂,
音樂學系-鋼琴,
音樂學系-鋼琴(自費),
音樂學系-鋼琴.聲樂.弦樂.擊樂.理論作曲,
音樂學系-鋼琴.聲樂.弦樂.理論作曲,
音樂學系-鋼琴、聲樂,
音樂學系-長笛,
音樂學系-長號,
音樂學系-雙簧管,
音樂學系A組,
音樂學系B組,
音樂系-中國傳統樂器(自費),
風險管理與保險學系,
風險管理與保險學系(A組),
風險管理與保險學系(B組),
風險管理與保險學系(社會組),
風險管理與保險學系(自然組),
食品安全學系,
食品暨應用生物科技學系,
食品科學系,
食品科學系(A組),
食品科學系(B組),
食品科學系生物科技組,
食品科學系食品科學組,
餐旅管理學系,
香粧品學系,
體育學系,
體育學系(公費生),
體育學系(女),
體育學系(男),
體育學系(自費女),
體育學系(自費男),
體育學系運動健康管理組,
體育學系體育學組,
體育推廣學系A,
體育推廣學系B,
體育與健康休閒學系,
體育與健康休閒學系(公費)-高雄市,
體育與健康休閒學系(自費),
體育與健康學系,
體育與運動科學系,
高齡健康暨長期照護學系,
高齡健康管理學系,
高齡健康與運動科學學士學位學程,
