學年度,校系代碼,系名,組別,錄取平均,原始總分
101,0001,中國文學系,文組,79.91,479.45
101,0002,外國語文學系,文組,83.63,627.25
101,0003,歷史學系,文組,82.62,495.7
101,0004,哲學系,文組,81.32,406.6
101,0005,人類學系,文組,81.36,508.53
101,0006,圖書資訊學系,文組,82.2,534.3
101,0007,日本語文學系,文組,80.92,485.5
101,0010,戲劇學系(男),文組,78.94,473.65
101,0011,戲劇學系(女),文組,79.94,479.65
101,0012,數學系,理組,84.04,462.2
101,0013,物理學系,理組,86.62,433.1
101,0014,化學系,理組,84.12,420.6
101,0015,地質科學系,理組,81.76,408.8
101,0016,心理學系,文組,81.6,489.6
101,0017,地理環境資源學系A組,其他,81.24,406.2
101,0020,地理環境資源學系B組,其他,81.6,408.0
101,0021,大氣科學系,理組,82.36,411.8
101,0022,政治學系政治理論組,文組,81.3,447.13
101,0023,政治學系國際關係組,文組,82.76,455.2
101,0024,政治學系公共行政組,文組,81.86,450.25
101,0025,經濟學系,文組,87.39,436.95
101,0026,社會學系,文組,81.71,531.1
101,0027,社會工作學系,文組,81.57,530.18
101,0030,醫學系,醫學,90.28,541.7
101,0031,牙醫學系,醫學,88.53,531.2
101,0032,藥學系,醫學,85.08,595.55
101,0033,醫學檢驗暨生物技術學系,醫學,83.53,501.2
101,0034,護理學系,醫學,79.1,474.6
101,0035,物理治療學系,醫學,82.92,497.5
101,0036,職能治療學系,醫學,82.5,495.0
101,0037,土木工程學系,理組,83.64,418.2
101,0040,機械工程學系,理組,84.82,424.1
101,0041,化學工程學系,理組,85.38,426.9
101,0042,工程科學及海洋工程學系,理組,84.16,420.8
101,0043,材料科學與工程學系,理組,87.36,436.8
101,0044,農藝學系,其他,80.35,522.25
101,0045,生物環境系統工程學系,理組,82.28,411.4
101,0046,農業化學系,理組,81.72,490.3
101,0047,森林環境暨資源學系,理組,80.13,641.0
101,0050,動物科學技術學系,理組,80.55,483.3
101,0051,農業經濟學系,文組,80.61,685.2
101,0052,園藝暨景觀學系,其他,79.77,558.4
101,0053,獸醫學系,醫學,84.6,507.6
101,0054,生物產業傳播暨發展學系,理組,82.22,513.88
101,0055,生物產業機電工程學系,理組,83.88,461.35
101,0056,昆蟲學系,理組,78.9,473.4
101,0057,植物病理與微生物學系,理組,81.05,486.3
101,0060,工商管理學系企業管理組,文組,86.3,604.1
101,0061,工商管理學系企管組英文專班,文組,86.51,605.6
101,0062,工商管理學系科技管理組,文組,85.81,600.7
101,0063,會計學系,文組,84.18,547.2
101,0064,財務金融學系,文組,90.26,406.15
101,0065,國際企業學系,文組,86.76,607.3
101,0066,資訊管理學系,文組,84.38,421.9
101,0067,公共衛生學系,理組,82.12,492.7
101,0070,電機工程學系,理組,87.74,438.7
101,0071,資訊工程學系,理組,86.12,430.6
101,0072,法律學系法學組,文組,84.93,509.6
101,0073,法律學系司法組,文組,84.62,507.7
101,0074,法律學系財經法學組,文組,86.1,516.6
101,0075,生命科學系,理組,82.83,497.0
101,0076,生化科技學系,理組,84.17,505.0
102,0001,中國文學系,文組,81.98,491.85
102,0002,外國語文學系,文組,84.92,636.93
102,0003,歷史學系,文組,83.42,500.5
102,0004,哲學系,文組,83.44,417.2
102,0005,人類學系,文組,82.6,516.28
102,0006,圖書資訊學系,文組,82.99,539.45
102,0007,日本語文學系,文組,82.69,496.15
102,0010,戲劇學系(男),文組,81.15,486.9
102,0011,戲劇學系(女),文組,81.92,491.5
102,0012,數學系,理組,81.41,447.75
102,0013,物理學系,理組,84.64,423.2
102,0014,化學系,理組,82.38,411.9
102,0015,地質科學系,理組,78.66,393.3
102,0016,心理學系,文組,80.17,481.0
102,0017,地理環境資源學系A組,其他,78.2,391.0
102,0020,地理環境資源學系B組,其他,83.58,417.9
102,0021,大氣科學系,理組,79.52,397.6
102,0022,政治學系政治理論組,文組,83.08,456.95
102,0023,政治學系國際關係組,文組,84.33,463.8
102,0024,政治學系公共行政組,文組,83.64,460.0
102,0025,經濟學系,文組,87.9,439.5
102,0026,社會學系,文組,83.18,540.7
102,0027,社會工作學系,文組,82.72,537.65
102,0030,醫學系,醫學,90.78,544.7
102,0031,牙醫學系,醫學,88.97,533.8
102,0032,藥學系,醫學,84.3,590.1
102,0033,醫學檢驗暨生物技術學系,醫學,82.38,494.3
102,0034,護理學系,醫學,77.67,466.0
102,0035,物理治療學系,醫學,82.17,493.0
102,0036,職能治療學系,醫學,81.47,488.8
102,0037,土木工程學系,理組,81.4,407.0
102,0040,機械工程學系,理組,82.76,413.8
102,0041,化學工程學系,理組,83.1,415.5
102,0042,工程科學及海洋工程學系,理組,82.06,410.3
102,0043,材料科學與工程學系,理組,85.52,427.6
102,0044,農藝學系,其他,78.97,513.3
102,0045,生物環境系統工程學系,理組,79.56,397.8
102,0046,農業化學系,理組,79.8,478.8
102,0047,森林環境暨資源學系,理組,78.56,628.5
102,0050,動物科學技術學系,理組,78.55,471.3
102,0051,農業經濟學系,文組,78.59,668.0
102,0052,園藝暨景觀學系,其他,78.21,547.5
102,0053,獸醫學系,醫學,83.63,501.8
102,0054,生物產業傳播暨發展學系,理組,83.14,540.4
102,0055,生物產業機電工程學系,理組,80.56,443.08
102,0056,昆蟲學系,理組,76.8,460.8
102,0057,植物病理與微生物學系,理組,78.87,473.2
102,0060,工商管理學系企業管理組,文組,87.43,612.0
102,0061,工商管理學系企業管理組英文專班,文組,87.53,612.7
102,0062,工商管理學系科技管理組,文組,83.71,586.0
102,0063,會計學系,文組,85.53,555.95
102,0064,財務金融學系,文組,91.02,409.6
102,0065,國際企業學系,文組,87.67,613.7
102,0066,資訊管理學系,文組,82.26,411.3
102,0067,公共衛生學系,理組,80.48,482.9
102,0070,電機工程學系,理組,86.08,430.4
102,0071,資訊工程學系,理組,83.96,419.8
102,0072,法律學系法學組,文組,85.53,513.2
102,0073,法律學系司法組,文組,85.57,513.4
102,0074,法律學系財經法學組,文組,87.6,525.6
102,0075,生命科學系,理組,81.07,486.4
102,0076,生化科技學系,理組,83.33,500.0
103,0001,中國文學系,文組,82.23,493.4
103,0002,外國語文學系,文組,85.59,641.9
103,0003,歷史學系,文組,83.83,503.0
103,0004,哲學系,文組,84.6,423.0
103,0005,人類學系,文組,83.27,520.45
103,0006,圖書資訊學系,文組,83.69,544.0
103,0007,日本語文學系,文組,82.74,496.45
103,0010,戲劇學系(男),文組,81.27,487.6
103,0011,戲劇學系(女),文組,81.83,490.95
103,0012,數學系,理組,78.64,432.5
103,0013,物理學系,理組,82.52,412.6
103,0014,化學系,理組,80.82,404.1
103,0015,地質科學系,理組,77.04,385.2
103,0016,心理學系,文組,78.28,469.7
103,0017,地理環境資源學系A組,其他,76.62,383.1
103,0020,地理環境資源學系B組,其他,83.88,419.4
103,0021,大氣科學系,理組,77.92,389.6
103,0022,政治學系政治理論組,文組,83.19,457.55
103,0023,政治學系國際關係組,文組,84.63,465.45
103,0024,政治學系公共行政組,文組,83.76,460.7
103,0025,經濟學系,文組,88.45,442.25
103,0026,社會學系,文組,83.35,541.75
103,0027,社會工作學系,文組,83.08,540.0
103,0030,醫學系,醫學,88.27,529.6
103,0031,牙醫學系,醫學,86.72,520.3
103,0032,藥學系,醫學,82.4,494.4
103,0033,醫學檢驗暨生物技術學系,醫學,80.28,481.7
103,0034,護理學系,醫學,75.65,453.9
103,0035,物理治療學系,醫學,79.87,479.2
103,0036,職能治療學系,醫學,79.02,474.1
103,0037,土木工程學系,理組,79.42,397.1
103,0040,機械工程學系,理組,81.26,406.3
103,0041,化學工程學系,理組,81.16,405.8
103,0042,工程科學及海洋工程學系,理組,80.4,402.0
103,0043,材料科學與工程學系,理組,83.08,415.4
103,0044,農藝學系,其他,77.18,501.7
103,0045,生物環境系統工程學系,理組,78.1,390.5
103,0046,農業化學系,理組,78.03,468.2
103,0047,森林環境暨資源學系,理組,76.49,611.95
103,0050,動物科學技術學系,理組,76.05,456.3
103,0051,農業經濟學系,文組,75.38,640.7
103,0052,園藝暨景觀學系,其他,76.46,535.2
103,0053,獸醫學系,醫學,81.83,491.0
103,0054,生物產業傳播暨發展學系,理組,84.11,546.7
103,0055,生物產業機電工程學系,理組,78.9,394.5
103,0056,昆蟲學系,理組,74.42,446.5
103,0057,植物病理與微生物學系,理組,77.27,463.6
103,0060,工商管理學系企業管理組,文組,88.23,617.6
103,0061,工商管理學系科技管理組,文組,79.84,558.9
103,0062,會計學系,文組,86.29,560.88
103,0063,財務金融學系,文組,91.56,412.0
103,0064,國際企業學系,文組,89.31,625.2
103,0065,資訊管理學系,文組,80.5,402.5
103,0066,公共衛生學系,理組,78.1,468.6
103,0067,電機工程學系,理組,84.02,420.1
103,0070,資訊工程學系,理組,82.44,412.2
103,0071,法律學系法學組,文組,87.28,436.4
103,0072,法律學系司法組,文組,87.92,439.6
103,0073,法律學系財經法學組,文組,88.86,444.3
103,0074,生命科學系,理組,78.5,471.0
103,0075,生化科技學系,理組,81.48,488.9
104,0001,中國文學系,文組,77.41,464.48
104,0002,外國語文學系,文組,80.03,500.2
104,0003,歷史學系,文組,82.48,412.4
104,0004,哲學系,文組,77.6,388.0
104,0005,人類學系,文組,81.61,428.45
104,0006,圖書資訊學系,文組,78.57,432.13
104,0007,日本語文學系,文組,77.68,466.1
104,0010,戲劇學系(男),文組,76.33,458.0
104,0011,戲劇學系(女),文組,77.3,463.8
104,0012,數學系,理組,77.84,428.1
104,0013,物理學系,理組,79.9,399.5
104,0014,化學系,理組,78.28,391.4
104,0015,地質科學系,理組,74.64,373.2
104,0016,心理學系,文組,75.14,375.7
104,0017,地理環境資源學系A組,其他,74.08,370.4
104,0020,地理環境資源學系B組,其他,79.26,396.3
104,0021,大氣科學系,理組,75.54,377.7
104,0022,政治學系政治理論組,文組,78.43,431.38
104,0023,政治學系國際關係組,文組,80.11,440.6
104,0024,政治學系公共行政組,文組,78.79,433.35
104,0025,經濟學系,文組,80.37,401.85
104,0026,社會學系,文組,77.7,505.05
104,0027,社會工作學系,文組,77.68,427.25
104,0030,醫學系,醫學,90.14,450.7
104,0031,牙醫學系,醫學,85.22,426.1
104,0032,藥學系,醫學,83.72,418.6
104,0033,醫學檢驗暨生物技術學系,醫學,76.24,381.2
104,0034,護理學系,醫學,72.94,364.7
104,0035,物理治療學系,醫學,81.04,405.2
104,0036,職能治療學系,醫學,76.56,363.65
104,0037,土木工程學系,理組,77.78,388.9
104,0040,機械工程學系,理組,79.88,399.4
104,0041,化學工程學系,理組,79.58,397.9
104,0042,工程科學及海洋工程學系,理組,78.18,390.9
104,0043,材料科學與工程學系,理組,81.84,409.2
104,0044,農藝學系,其他,74.36,409.0
104,0045,生物環境系統工程學系,理組,75.64,378.2
104,0046,農業化學系,理組,75.82,379.1
104,0047,森林環境暨資源學系,理組,75.69,529.85
104,0050,動物科學技術學系,理組,75.7,378.5
104,0051,農業經濟學系,文組,72.58,471.75
104,0052,園藝暨景觀學系,其他,77.68,466.1
104,0053,獸醫學系,醫學,79.12,395.6
104,0054,生物產業傳播暨發展學系,理組,78.22,508.45
104,0055,生物產業機電工程學系,理組,76.68,383.4
104,0056,昆蟲學系,理組,73.44,367.2
104,0057,植物病理與微生物學系,理組,73.46,367.3
104,0060,工商管理學系企業管理組,文組,81.87,573.1
104,0061,工商管理學系科技管理組,文組,76.53,535.7
104,0062,會計學系,文組,80.65,524.25
104,0063,財務金融學系,文組,83.82,377.2
104,0064,國際企業學系,文組,83.46,584.2
104,0065,資訊管理學系,文組,79.14,395.7
104,0066,公共衛生學系,理組,74.54,372.7
104,0067,電機工程學系,理組,83.28,416.4
104,0070,資訊工程學系,理組,81.04,405.2
104,0071,法律學系法學組,文組,81.22,406.1
104,0072,法律學系司法組,文組,82.02,410.1
104,0073,法律學系財經法學組,文組,83.1,415.5
104,0074,生命科學系,理組,77.58,387.9
104,0075,生化科技學系,理組,81.54,407.7
105,0001,中國文學系,文組,78.34,470.03
105,0002,外國語文學系,文組,80.71,504.45
105,0003,歷史學系,文組,78.56,392.8
105,0004,哲學系,文組,79.66,398.3
105,0005,人類學系,文組,77.59,407.35
105,0006,圖書資訊學系,文組,79.88,439.35
105,0007,日本語文學系,文組,78.79,472.75
105,0010,戲劇學系(男),文組,77.38,464.3
105,0011,戲劇學系(女),文組,78.35,470.1
105,0012,數學系,理組,79.0,434.5
105,0013,物理學系,理組,81.62,408.1
105,0014,化學系,理組,81.0,405.0
105,0015,地質科學系,理組,76.06,380.3
105,0016,心理學系,文組,77.58,387.9
105,0017,地理環境資源學系A組,其他,75.58,377.9
105,0020,地理環境資源學系B組,其他,79.56,397.8
105,0021,大氣科學系,理組,76.86,384.3
105,0022,政治學系政治理論組,文組,79.17,435.45
105,0023,政治學系國際關係組,文組,81.01,445.53
105,0024,政治學系公共行政組,文組,80.02,440.1
105,0025,經濟學系,文組,85.79,428.95
105,0026,社會學系,文組,80.65,524.25
105,0027,社會工作學系,文組,79.05,434.8
105,0030,醫學系,醫學,91.44,457.2
105,0031,醫學系(公費),醫學,86.72,433.6
105,0032,牙醫學系,醫學,89.42,447.1
105,0033,藥學系,醫學,85.8,429.0
105,0034,醫學檢驗暨生物技術學系,醫學,78.8,394.0
105,0035,護理學系,醫學,74.98,374.9
105,0036,物理治療學系,醫學,83.74,418.7
105,0037,職能治療學系,醫學,79.17,376.05
105,0040,土木工程學系,理組,79.36,396.8
105,0041,機械工程學系,理組,81.26,406.3
105,0042,化學工程學系,理組,81.42,407.1
105,0043,工程科學及海洋工程學系,理組,80.08,400.4
105,0044,材料科學與工程學系,理組,82.88,414.4
105,0045,農藝學系,其他,76.19,419.03
105,0046,生物環境系統工程學系,理組,76.92,384.6
105,0047,農業化學系,理組,77.62,388.1
105,0050,森林環境暨資源學系,理組,77.44,542.1
105,0051,動物科學技術學系,理組,78.66,393.3
105,0052,農業經濟學系,文組,75.28,489.3
105,0053,園藝暨景觀學系,其他,77.45,464.7
105,0054,獸醫學系,醫學,80.66,403.3
105,0055,生物產業傳播暨發展學系,理組,80.47,523.05
105,0056,生物產業機電工程學系,理組,78.68,393.4
105,0057,昆蟲學系,理組,75.66,378.3
105,0060,植物病理與微生物學系,理組,75.72,378.6
105,0061,工商管理學系企業管理組,文組,84.07,588.5
105,0062,工商管理學系科技管理組,文組,79.69,557.8
105,0063,會計學系,文組,81.81,531.75
105,0064,財務金融學系,文組,88.47,398.1
105,0065,國際企業學系,文組,84.71,593.0
105,0066,資訊管理學系,文組,80.3,401.5
105,0067,公共衛生學系,理組,77.46,387.3
105,0070,電機工程學系,理組,83.9,419.5
105,0071,資訊工程學系,理組,83.14,415.7
105,0072,法律學系法學組,文組,83.7,439.4
105,0073,法律學系司法組,文組,84.27,442.4
105,0074,法律學系財經法學組,文組,84.88,445.6
105,0075,生命科學系,理組,79.42,397.1
105,0076,生化科技學系,理組,83.22,416.1
106,0001,中國文學系,文組,80.87,485.23
106,0002,外國語文學系,文組,83.32,520.73
106,0003,歷史學系,文組,82.06,410.3
106,0004,哲學系,文組,82.3,411.5
106,0005,人類學系,文組,81.07,425.63
106,0006,圖書資訊學系,文組,82.04,451.23
106,0007,日本語文學系,文組,80.54,483.25
106,0010,戲劇學系(男),文組,78.71,472.25
106,0011,戲劇學系(女),文組,79.97,479.8
106,0012,數學系,理組,77.96,428.8
106,0013,物理學系,理組,81.14,405.7
106,0014,化學系,理組,78.74,393.7
106,0015,地質科學系,理組,74.54,372.7
106,0016,心理學系,文組,75.7,378.5
106,0017,地理環境資源學系A組,其他,74.26,371.3
106,0020,地理環境資源學系B組,其他,82.86,414.3
106,0021,大氣科學系,理組,75.64,378.2
106,0022,政治學系政治理論組,文組,81.57,448.65
106,0023,政治學系國際關係組,文組,82.98,456.38
106,0024,政治學系公共行政組,文組,82.09,451.48
106,0025,經濟學系,文組,86.45,432.25
106,0026,社會學系,文組,82.75,537.85
106,0027,社會工作學系,文組,81.58,448.68
106,0030,醫學系,醫學,90.12,450.6
106,0031,醫學系(公費),醫學,87.02,435.12
106,0032,牙醫學系,醫學,87.54,437.7
106,0033,藥學系,醫學,84.16,420.8
106,0034,醫學檢驗暨生物技術學系,醫學,76.0,380.0
106,0035,護理學系,醫學,73.72,368.6
106,0036,物理治療學系,醫學,82.96,414.8
106,0037,職能治療學系,醫學,78.04,370.68
106,0040,土木工程學系,理組,77.3,386.5
106,0041,機械工程學系,理組,79.62,398.1
106,0042,化學工程學系,理組,79.56,397.8
106,0043,工程科學及海洋工程學系,理組,78.58,392.9
106,0044,材料科學與工程學系,理組,81.12,405.6
106,0045,農藝學系,其他,74.1,407.53
106,0046,生物環境系統工程學系,理組,75.86,379.3
106,0047,農業化學系,理組,79.16,395.8
106,0050,森林環境暨資源學系,理組,77.49,542.4
106,0051,動物科學技術學系,理組,78.34,391.7
106,0052,農業經濟學系,文組,74.45,409.45
106,0053,園藝暨景觀學系,其他,76.78,460.65
106,0054,獸醫學系,醫學,78.66,393.3
106,0055,生物產業傳播暨發展學系,理組,82.6,536.9
106,0056,生物產業機電工程學系,理組,77.18,385.9
106,0057,昆蟲學系,理組,75.08,375.4
106,0060,植物病理與微生物學系,理組,73.62,368.1
106,0061,工商管理學系企業管理組,文組,86.61,606.3
106,0062,工商管理學系科技管理組,文組,76.94,538.6
106,0063,會計學系,文組,84.18,547.2
106,0064,財務金融學系,文組,89.4,402.3
106,0065,國際企業學系,文組,87.33,611.3
106,0066,資訊管理學系,文組,79.56,397.8
106,0067,公共衛生學系,理組,75.14,375.7
106,0070,電機工程學系,理組,82.76,413.8
106,0071,資訊工程學系,理組,81.86,409.3
106,0072,法律學系法學組,文組,85.77,450.3
106,0073,法律學系司法組,文組,86.57,454.5
106,0074,法律學系財經法學組,文組,87.58,459.8
106,0075,生命科學系,理組,79.28,396.4
106,0076,生化科技學系,理組,81.78,408.9
107,0001,中國文學系,文組,81.16,486.95
107,0002,外國語文學系,文組,83.23,520.2
107,0003,歷史學系,文組,81.86,409.3
107,0004,哲學系,文組,80.11,400.55
107,0005,人類學系,文組,80.13,420.66
107,0006,圖書資訊學系,文組,80.27,441.49
107,0007,日本語文學系,文組,81.02,486.1
107,0010,戲劇學系(男),文組,79.32,475.93
107,0011,戲劇學系(女),文組,79.73,478.4
107,0012,數學系,理組,81.18,446.5
107,0013,物理學系,理組,84.53,422.65
107,0014,化學系,理組,82.06,410.3
107,0015,地質科學系,理組,76.8,384.0
107,0016,心理學系,文組,78.24,391.2
107,0017,地理環境資源學系A組,其他,76.6,383.0
107,0020,地理環境資源學系B組,其他,82.96,414.8
107,0021,大氣科學系,理組,77.96,389.8
107,0022,政治學系政治理論組,文組,81.78,449.81
107,0023,政治學系國際關係組,文組,83.44,458.91
107,0024,政治學系公共行政組,文組,82.47,453.59
107,0025,經濟學系,文組,88.71,399.18
107,0026,社會學系,文組,81.73,408.67
107,0027,社會工作學系,文組,80.04,440.23
107,0030,醫學系(自費),醫學,90.66,453.3
107,0031,醫學系(公費),醫學,87.89,439.45
107,0032,牙醫學系,醫學,88.67,443.35
107,0033,藥學系,醫學,84.32,421.6
107,0034,醫學檢驗暨生物技術學系,醫學,78.97,394.85
107,0035,護理學系,醫學,75.96,379.8
107,0036,物理治療學系,醫學,82.9,414.5
107,0037,職能治療學系,醫學,81.41,386.68
107,0040,土木工程學系,理組,80.39,401.95
107,0041,機械工程學系,理組,82.84,414.2
107,0042,化學工程學系,理組,82.9,414.5
107,0043,工程科學及海洋工程學系A組(船舶海洋應力計算領域),理組,80.65,403.25
107,0044,工程科學及海洋工程學系B組(光機電資訊領域),理組,82.3,411.5
107,0045,材料科學與工程學系,理組,84.86,424.3
107,0046,醫學工程學系,理組,82.81,414.05
107,0047,農藝學系,其他,75.56,415.58
107,0050,生物環境系統工程學系,理組,77.85,389.25
107,0051,農業化學系,理組,77.82,389.1
107,0052,森林環境暨資源學系,理組,74.74,523.15
107,0053,動物科學技術學系,理組,75.81,379.05
107,0054,農業經濟學系,文組,79.53,437.4
107,0055,園藝暨景觀學系,其他,74.32,445.9
107,0056,獸醫學系,醫學,81.41,407.05
107,0057,生物產業傳播暨發展學系,理組,82.4,535.58
107,0060,生物產業機電工程學系,理組,79.84,399.2
107,0061,昆蟲學系,理組,73.35,366.75
107,0062,植物病理與微生物學系,理組,75.55,377.75
107,0063,工商管理學系企業管理組,文組,86.93,608.5
107,0064,工商管理學系科技管理組,文組,80.64,564.5
107,0065,會計學系,文組,84.91,551.9
107,0066,財務金融學系,文組,90.78,408.5
107,0067,國際企業學系,文組,87.54,612.8
107,0070,資訊管理學系,文組,83.83,419.14
107,0071,公共衛生學系,理組,77.49,387.45
107,0072,電機工程學系,理組,86.52,432.6
107,0073,資訊工程學系,理組,85.92,429.6
107,0074,法律學系法學組,文組,84.81,445.25
107,0075,法律學系司法組,文組,85.56,449.2
107,0076,法律學系財經法學組,文組,86.67,455.0
107,0077,生命科學系,理組,78.76,393.8
107,0100,生化科技學系,理組,80.07,400.35
108,0001,中國文學系,文組,82.14,492.81
108,0002,外國語文學系,文組,83.86,524.1
108,0003,歷史學系,文組,84.89,424.45
108,0004,哲學系,文組,82.3,411.5
108,0005,人類學系,文組,83.65,460.05
108,0006,圖書資訊學系,文組,83.1,457.05
108,0007,日本語文學系,文組,82.63,495.8
108,0010,戲劇學系(男),文組,81.04,486.25
108,0011,戲劇學系(女),文組,81.7,490.2
108,0012,數學系,理組,80.47,362.1
108,0013,物理學系,理組,82.9,414.5
108,0014,化學系,理組,81.1,405.5
108,0015,地質科學系,理組,77.72,388.6
108,0016,心理學系,文組,80.49,402.45
108,0017,地理環境資源學系A組,其他,76.85,384.25
108,0020,地理環境資源學系B組,其他,84.29,421.45
108,0021,大氣科學系,理組,78.16,390.8
108,0022,政治學系政治理論組,文組,83.23,457.75
108,0023,政治學系國際關係組,文組,84.86,466.74
108,0024,政治學系公共行政組,文組,83.75,460.61
108,0025,經濟學系,文組,90.84,408.78
108,0026,社會學系,文組,84.41,422.05
108,0027,社會工作學系,文組,82.51,453.83
108,0030,醫學系(自費),醫學,89.62,448.1
108,0031,醫學系(公費),醫學,86.12,430.6
108,0032,牙醫學系,醫學,87.14,435.7
108,0033,藥學系,醫學,84.03,462.15
108,0034,醫學檢驗暨生物技術學系,醫學,81.57,407.85
108,0035,護理學系,醫學,78.99,394.95
108,0036,物理治療學系,醫學,82.37,411.85
108,0037,職能治療學系,醫學,83.0,394.23
108,0040,土木工程學系,理組,78.92,394.6
108,0041,機械工程學系,理組,81.32,406.6
108,0042,化學工程學系,理組,81.59,407.95
108,0043,工程科學及海洋工程學系,理組,80.02,400.1
108,0044,材料科學與工程學系,理組,84.17,420.85
108,0045,醫學工程學系,理組,81.21,406.05
108,0046,農藝學系,其他,78.51,431.83
108,0047,生物環境系統工程學系,理組,77.84,389.2
108,0050,農業化學系,理組,78.05,390.25
108,0051,森林環境暨資源學系,理組,75.73,530.1
108,0052,動物科學技術學系,理組,76.88,384.4
108,0053,農業經濟學系,文組,79.38,436.6
108,0054,園藝暨景觀學系,其他,79.21,475.25
108,0055,獸醫學系,醫學,83.15,415.75
108,0056,生物產業傳播暨發展學系,理組,83.61,543.48
108,0057,生物機電工程學系,理組,79.08,395.4
108,0060,昆蟲學系,理組,74.64,373.2
108,0061,植物病理與微生物學系,理組,78.35,391.75
108,0062,工商管理學系企業管理組,文組,87.33,611.3
108,0063,工商管理學系科技管理組,文組,80.81,565.7
108,0064,會計學系,文組,85.86,558.1
108,0065,財務金融學系,文組,92.14,414.65
108,0066,國際企業學系,文組,87.99,615.9
108,0067,資訊管理學系,文組,82.85,414.25
108,0070,公共衛生學系,理組,79.63,278.69
108,0071,電機工程學系,理組,84.99,424.95
108,0072,資訊工程學系,理組,84.68,423.4
108,0073,法律學系法學組,文組,86.85,455.95
108,0074,法律學系司法組,文組,87.49,459.32
108,0075,法律學系財經法學組,文組,88.6,465.15
108,0076,生命科學系,理組,79.07,395.35
108,0077,生化科技學系,理組,80.7,403.5
109,0001,中國文學系,文組,78.66,471.93
109,0002,外國語文學系,文組,81.39,508.7
109,0003,歷史學系,文組,82.22,411.1
109,0004,哲學系,文組,79.04,395.2
109,0005,人類學系,文組,81.6,448.78
109,0006,圖書資訊學系,文組,79.3,436.13
109,0007,日本語文學系,文組,79.94,479.63
109,0010,戲劇學系(男),文組,77.71,466.23
109,0011,戲劇學系(女),文組,77.94,467.65
109,0012,數學系,理組,79.2,356.4
109,0013,物理學系,理組,80.64,403.2
109,0014,化學系,理組,78.74,393.7
109,0015,地質科學系,理組,74.35,371.75
109,0016,心理學系,文組,76.67,383.35
109,0017,地理環境資源學系A組,其他,73.9,369.5
109,0020,地理環境資源學系B組,其他,79.68,398.4
109,0021,大氣科學系,理組,75.63,378.15
109,0022,政治學系政治理論組,文組,79.81,438.98
109,0023,政治學系國際關係組,文組,81.76,449.68
109,0024,政治學系公共行政組,文組,80.35,441.9
109,0025,經濟學系,文組,88.62,398.78
109,0026,社會學系,文組,80.86,404.3
109,0027,社會工作學系,文組,78.8,433.4
109,0030,醫學系(自費),醫學,88.45,442.25
109,0031,醫學系(公費),醫學,86.29,431.45
109,0032,牙醫學系,醫學,86.26,431.3
109,0033,藥學系,醫學,83.51,459.3
109,0034,醫學檢驗暨生物技術學系,醫學,77.49,387.45
109,0035,護理學系,醫學,74.01,370.05
109,0036,物理治療學系,醫學,81.85,409.25
109,0037,職能治療學系,醫學,77.93,370.18
109,0040,土木工程學系,理組,76.13,380.65
109,0041,機械工程學系,理組,78.77,393.85
109,0042,化學工程學系,理組,79.59,397.95
109,0043,工程科學及海洋工程學系,理組,77.58,387.9
109,0044,材料科學與工程學系,理組,82.7,413.5
109,0045,醫學工程學系,理組,79.45,397.25
109,0046,農藝學系,其他,74.05,407.25
109,0047,生物環境系統工程學系,理組,74.76,373.8
109,0050,農業化學系,理組,77.98,467.9
109,0051,森林環境暨資源學系,理組,72.24,505.65
109,0052,動物科學技術學系,理組,74.82,374.1
109,0053,農業經濟學系,文組,74.04,407.2
109,0054,園藝暨景觀學系,其他,76.24,457.45
109,0055,獸醫學系,醫學,79.63,398.15
109,0056,生物產業傳播暨發展學系,理組,79.88,519.23
109,0057,生物機電工程學系,理組,76.79,383.95
109,0060,昆蟲學系,理組,71.14,355.7
109,0061,植物病理與微生物學系,理組,74.25,371.25
109,0062,工商管理學系企業管理組,文組,84.89,594.2
109,0063,工商管理學系科技管理組,文組,76.89,538.2
109,0064,會計學系,文組,83.7,544.05
109,0065,財務金融學系,文組,90.55,407.48
109,0066,國際企業學系,文組,85.79,600.5
109,0067,資訊管理學系,文組,81.22,406.1
109,0070,公共衛生學系,理組,80.55,281.91
109,0071,電機工程學系,理組,84.26,421.3
109,0072,資訊工程學系,理組,83.74,418.7
109,0073,法律學系法學組,文組,83.67,439.25
109,0074,法律學系司法組,文組,84.48,443.5
109,0075,法律學系財經法學組,文組,85.89,450.9
109,0076,生命科學系,理組,77.91,389.55
109,0077,生化科技學系,理組,79.75,398.75
110,0001,中國文學系,文組,82.41,494.48
110,0002,外國語文學系,文組,85.01,531.3
110,0003,歷史學系,文組,83.14,415.7
110,0004,哲學系,文組,81.11,405.55
110,0005,人類學系,文組,83.2,457.58
110,0006,圖書資訊學系,文組,81.57,448.63
110,0007,日本語文學系,文組,83.45,500.7
110,0010,戲劇學系(男),文組,80.24,481.45
110,0011,戲劇學系(女),文組,81.73,490.38
110,0012,數學系,理組,76.8,345.6
110,0013,物理學系,理組,76.99,384.95
110,0014,化學系,理組,75.66,378.32
110,0015,地質科學系,理組,70.15,350.75
110,0016,心理學系,文組,77.57,387.85
110,0017,地理環境資源學系A組,其他,68.58,342.9
110,0020,地理環境資源學系B組,其他,83.31,416.55
110,0021,大氣科學系,理組,71.79,358.95
110,0022,政治學系政治理論組,文組,83.75,460.61
110,0023,政治學系國際關係組,文組,85.68,471.25
110,0024,政治學系公共行政組,文組,84.43,464.34
110,0025,經濟學系,文組,89.7,403.63
110,0026,社會學系,文組,82.94,414.72
110,0027,社會工作學系,文組,81.03,445.69
110,0030,醫學系(自費),醫學,89.92,449.6
110,0031,醫學系(公費),醫學,85.18,425.9
110,0032,牙醫學系,醫學,87.98,439.9
110,0033,藥學系,醫學,82.1,451.55
110,0034,醫學檢驗暨生物技術學系,醫學,78.59,392.95
110,0035,護理學系,醫學,73.64,368.2
110,0036,物理治療學系,醫學,79.91,399.55
110,0037,職能治療學系,醫學,80.46,382.18
110,0040,土木工程學系,理組,72.37,361.85
110,0041,機械工程學系,理組,74.28,371.4
110,0042,化學工程學系,理組,75.78,378.9
110,0043,工程科學及海洋工程學系,理組,74.51,372.55
110,0044,材料科學與工程學系,理組,79.43,397.15
110,0045,醫學工程學系,理組,76.18,380.9
110,0046,農藝學系,其他,73.8,405.9
110,0047,生物環境系統工程學系,理組,70.56,352.8
110,0050,農業化學系,理組,76.63,459.75
110,0051,森林環境暨資源學系,理組,69.08,483.55
110,0052,動物科學技術學系,理組,72.6,363.0
110,0053,農業經濟學系,文組,75.93,417.6
110,0054,園藝暨景觀學系,其他,72.86,437.15
110,0055,獸醫學系,醫學,80.99,404.95
110,0056,生物產業傳播暨發展學系,理組,83.2,540.78
110,0057,生物機電工程學系,理組,73.47,367.35
110,0060,昆蟲學系,理組,67.36,336.8
110,0061,植物病理與微生物學系,理組,75.0,375.0
110,0062,工商管理學系企業管理組,文組,88.86,622.0
110,0063,工商管理學系科技管理組,文組,76.66,536.6
110,0064,會計學系,文組,87.46,568.5
110,0065,財務金融學系,文組,91.51,411.78
110,0066,國際企業學系,文組,89.51,626.6
110,0067,資訊管理學系,文組,78.98,394.9
110,0070,公共衛生學系A組,理組,78.58,275.03
110,0071,公共衛生學系B組,理組,83.91,377.58
110,0072,電機工程學系,理組,83.12,415.6
110,0073,資訊工程學系,理組,81.84,409.2
110,0074,法律學系法學組,文組,86.01,451.55
110,0075,法律學系司法組,文組,86.99,456.7
110,0076,法律學系財經法學組,文組,88.77,466.05
110,0077,生命科學系,理組,76.07,380.35
110,0100,生化科技學系,理組,78.64,393.2
111,0001,中國文學系,文組,49.96,299.75
111,0002,外國語文學系,文組,53.05,278.5
111,0003,歷史學系,文組,51.6,258.0
111,0004,哲學系,文組,49.75,199.0
111,0005,人類學系,文組,51.91,285.5
111,0006,圖書資訊學系,文組,52.28,235.25
111,0007,日本語文學系,文組,51.92,311.5
111,0010,戲劇學系(男),文組,48.0,288.0
111,0011,戲劇學系(女),文組,49.33,296.0
111,0012,數學系,理組,39.25,235.5
111,0013,物理學系,理組,47.0,235.0
111,0014,化學系,理組,47.4,237.0
111,0015,地質科學系,理組,41.6,208.0
111,0016,心理學系,文組,47.8,239.0
111,0017,地理環境資源學系A組,其他,39.33,118.0
111,0020,地理環境資源學系B組,其他,56.62,184.0
111,0021,大氣科學系,理組,43.2,216.0
111,0022,政治學系政治理論組,文組,53.23,292.75
111,0023,政治學系國際關係組,文組,54.86,301.75
111,0024,政治學系公共行政組,文組,53.41,293.75
111,0025,經濟學系A組,文組,47.56,214.0
111,0026,經濟學系B組,文組,48.0,216.0
111,0027,社會學系,文組,52.2,261.0
111,0030,社會工作學系,文組,49.64,273.0
111,0031,醫學系(自費),醫學,56.0,280.0
111,0032,醫學系(公費),醫學,51.2,256.0
111,0033,牙醫學系,醫學,54.6,273.0
111,0034,藥學系,醫學,50.77,330.0
111,0035,醫學檢驗暨生物技術學系,醫學,48.2,241.0
111,0036,護理學系,醫學,44.8,224.0
111,0037,物理治療學系,醫學,48.4,242.0
111,0040,職能治療學系,醫學,49.79,236.5
111,0041,土木工程學系,理組,43.8,219.0
111,0042,機械工程學系,理組,47.0,235.0
111,0043,化學工程學系,理組,46.0,264.5
111,0044,工程科學及海洋工程學系,理組,46.33,278.0
111,0045,材料科學與工程學系,理組,50.2,251.0
111,0046,醫學工程學系,理組,46.4,232.0
111,0047,農藝學系,其他,41.95,230.75
111,0050,生物環境系統工程學系,理組,43.75,175.0
111,0051,農業化學系,理組,44.33,266.0
111,0052,森林環境暨資源學系,理組,32.5,195.0
111,0053,動物科學技術學系,理組,41.0,205.0
111,0054,農業經濟學系,文組,42.5,255.0
111,0055,園藝暨景觀學系,其他,43.55,239.5
111,0056,獸醫學系,醫學,50.6,253.0
111,0057,生物產業傳播暨發展學系,理組,51.85,337.0
111,0060,生物機電工程學系,理組,45.2,226.0
111,0061,昆蟲學系,理組,37.4,187.0
111,0062,植物病理與微生物學系,理組,44.0,220.0
111,0063,工商管理學系企業管理組A組,文組,46.6,233.0
111,0064,工商管理學系企業管理組B組,文組,51.2,256.0
111,0065,工商管理學系科技管理組,文組,44.2,221.0
111,0066,會計學系A組,文組,50.13,200.5
111,0067,會計學系B組,文組,49.38,296.25
111,0070,財務金融學系A組,文組,50.33,226.5
111,0071,財務金融學系B組,文組,56.56,254.5
111,0072,國際企業學系A組,文組,51.25,205.0
111,0073,國際企業學系B組,文組,51.83,311.0
111,0074,資訊管理學系,文組,48.14,168.5
111,0075,公共衛生學系A組,理組,44.64,245.5
111,0076,公共衛生學系B組,理組,52.11,234.5
111,0077,電機工程學系,理組,54.25,217.0
111,0100,資訊工程學系,理組,52.09,286.5
111,0101,法律學系法學組,文組,54.38,285.5
111,0102,法律學系司法組,文組,54.9,288.25
111,0103,法律學系財經法學組,文組,55.62,292.0
111,0104,生命科學系,理組,43.2,216.0
111,0105,生化科技學系,理組,45.8,229.0
111,0106,國際體育運動事務學士學位學程,其他,52.05,273.25
112,0001,中國文學系,文組,50.42,302.5
112,0002,外國語文學系,文組,53.67,281.75
112,0003,歷史學系,文組,52.0,260.0
112,0004,哲學系,文組,51.0,204.0
112,0005,人類學系,文組,51.45,283.0
112,0006,圖書資訊學系,文組,52.67,237.0
112,0007,日本語文學系,文組,52.17,313.0
112,0010,戲劇學系(男),文組,48.83,293.0
112,0011,戲劇學系(女),文組,50.33,302.0
112,0012,數學系,理組,48.58,291.5
112,0013,物理學系,理組,50.2,251.0
112,0014,化學系,理組,49.0,245.0
112,0015,地質科學系,理組,43.6,218.0
112,0016,心理學系,文組,48.0,240.0
112,0017,地理環境資源學系A組,其他,42.67,128.0
112,0020,地理環境資源學系B組,其他,54.08,175.75
112,0021,大氣科學系,理組,45.43,261.25
112,0022,政治學系政治理論組,文組,53.86,296.25
112,0023,政治學系國際關係組,文組,55.77,306.75
112,0024,政治學系公共行政組,文組,53.95,296.75
112,0025,經濟學系A組,文組,48.89,220.0
112,0026,經濟學系B組,文組,51.78,233.0
112,0027,社會學系,文組,51.4,257.0
112,0030,社會工作學系,文組,49.73,273.5
112,0031,醫學系(自費),醫學,56.6,283.0
112,0032,醫學系(公費),醫學,51.6,258.0
112,0033,牙醫學系,醫學,55.0,275.0
112,0034,藥學系,醫學,51.43,360.0
112,0035,醫學檢驗暨生物技術學系,醫學,48.6,243.0
112,0036,護理學系,醫學,46.2,231.0
112,0037,物理治療學系,醫學,48.6,243.0
112,0040,職能治療學系,醫學,50.84,241.5
112,0041,土木工程學系,理組,46.2,231.0
112,0042,機械工程學系,理組,49.4,247.0
112,0043,化學工程學系,理組,49.05,233.0
112,0044,工程科學及海洋工程學系,理組,48.67,292.0
112,0045,材料科學與工程學系,理組,51.8,259.0
112,0046,醫學工程學系,理組,49.0,245.0
112,0047,農藝學系,其他,44.5,244.75
112,0050,生物環境系統工程學系,理組,45.0,225.0
112,0051,農業化學系,理組,46.58,279.5
112,0052,森林環境暨資源學系,理組,41.58,249.5
112,0053,動物科學技術學系,理組,43.6,218.0
112,0054,農業經濟學系,文組,44.33,266.0
112,0055,園藝暨景觀學系,其他,46.36,255.0
112,0056,獸醫學系,醫學,50.4,252.0
112,0057,生物產業傳播暨發展學系,理組,48.23,313.5
112,0060,生物機電工程學系,理組,47.8,239.0
112,0061,昆蟲學系,理組,40.6,203.0
112,0062,植物病理與微生物學系,理組,45.8,229.0
112,0063,工商管理學系企業管理組A組,文組,48.8,244.0
112,0064,工商管理學系企業管理組B組,文組,52.8,264.0
112,0065,工商管理學系科技管理組,文組,47.4,237.0
112,0066,會計學系A組,文組,51.25,205.0
112,0067,會計學系B組,文組,51.38,308.25
112,0070,財務金融學系A組,文組,52.44,236.0
112,0071,財務金融學系B組,文組,56.78,255.5
112,0072,國際企業學系A組,文組,53.0,212.0
112,0073,國際企業學系B組,文組,53.33,320.0
112,0074,資訊管理學系,文組,50.89,229.0
112,0075,公共衛生學系A組,理組,46.5,255.75
112,0076,公共衛生學系B組,理組,51.58,245.0
112,0077,電機工程學系,理組,56.25,225.0
112,0100,資訊工程學系,理組,55.41,235.5
112,0101,法律學系法學組,文組,54.38,285.5
112,0102,法律學系司法組,文組,55.19,289.75
112,0103,法律學系財經法學組,文組,56.19,295.0
112,0104,生命科學系,理組,47.8,239.0
112,0105,生化科技學系,理組,47.2,236.0
112,0106,國際體育運動事務學士學位學程,其他,51.29,269.25
113,0001,中國文學系,文組,51.8,259.0
113,0002,外國語文學系,文組,53.86,282.75
113,0003,歷史學系,文組,52.6,263.0
113,0004,哲學系,文組,50.75,203.0
113,0005,人類學系,文組,51.36,282.5
113,0006,圖書資訊學系,文組,52.89,238.0
113,0007,日本語文學系,文組,52.83,317.0
113,0010,戲劇學系(男),文組,47.58,285.5
113,0011,戲劇學系(女),文組,48.42,290.5
113,0012,數學系,理組,50.17,301.0
113,0013,物理學系,理組,53.3,266.5
113,0014,化學系,理組,50.0,250.0
113,0015,地質科學系,理組,46.4,232.0
113,0016,心理學系,文組,50.0,250.0
113,0017,地理環境資源學系A組,其他,46.0,138.0
113,0020,地理環境資源學系B組,其他,53.92,175.25
113,0021,大氣科學系,理組,46.78,269.0
113,0022,政治學系政治理論組,文組,54.45,299.5
113,0023,政治學系國際關係組,文組,56.18,309.0
113,0024,政治學系公共行政組,文組,54.73,301.0
113,0025,經濟學系A組,文組,49.44,222.5
113,0026,經濟學系B組,文組,50.73,279.0
113,0027,社會學系,文組,51.2,256.0
113,0030,社會工作學系,文組,48.59,267.25
113,0031,醫學系(自費),醫學,57.4,287.0
113,0032,醫學系(公費),醫學,52.4,262.0
113,0033,牙醫學系,醫學,56.6,283.0
113,0034,藥學系,醫學,53.0,371.0
113,0035,醫學檢驗暨生物技術學系,醫學,50.8,254.0
113,0036,護理學系,醫學,48.2,241.0
113,0037,物理治療學系,醫學,50.6,253.0
113,0040,職能治療學系,醫學,51.79,246.0
113,0041,土木工程學系,理組,48.2,241.0
113,0042,機械工程學系,理組,51.0,255.0
113,0043,化學工程學系,理組,50.47,239.75
113,0044,工程科學及海洋工程學系,理組,50.33,302.0
113,0045,材料科學與工程學系,理組,52.4,262.0
113,0046,醫學工程學系,理組,50.6,253.0
113,0047,農藝學系,其他,46.64,256.5
113,0050,生物環境系統工程學系,理組,47.0,235.0
113,0051,農業化學系,理組,47.83,287.0
113,0052,森林環境暨資源學系,理組,43.42,260.5
113,0053,動物科學技術學系,理組,47.25,189.0
113,0054,農業經濟學系,文組,47.0,235.0
113,0055,園藝暨景觀學系,其他,47.64,262.0
113,0056,獸醫學系,醫學,52.2,261.0
113,0057,生物產業傳播暨發展學系,理組,48.54,315.5
113,0060,生物機電工程學系,理組,49.6,248.0
113,0061,昆蟲學系,理組,43.23,281.0
113,0062,植物病理與微生物學系,理組,47.4,237.0
113,0063,工商管理學系企業管理組A組,文組,49.4,247.0
113,0064,工商管理學系企業管理組B組,文組,52.4,262.0
113,0065,工商管理學系科技管理組,文組,48.2,241.0
113,0066,會計學系A組,文組,52.63,210.5
113,0067,會計學系B組,文組,51.54,309.25
113,0070,財務金融學系A組,文組,53.33,240.0
113,0071,財務金融學系B組,文組,56.44,254.0
113,0072,國際企業學系A組,文組,53.0,212.0
113,0073,國際企業學系B組,文組,53.33,320.0
113,0074,資訊管理學系,文組,54.22,244.0
113,0075,公共衛生學系A組,理組,47.91,263.5
113,0076,公共衛生學系B組,理組,49.47,235.0
113,0077,電機工程學系,理組,57.25,229.0
113,0100,資訊工程學系,理組,56.12,238.5
113,0101,法律學系法學組,文組,54.29,285.0
113,0102,法律學系司法組,文組,54.9,288.25
113,0103,法律學系財經法學組,文組,55.62,292.0
113,0104,生命科學系,理組,48.6,243.0
113,0105,生化科技學系,理組,48.2,241.0
113,0106,國際體育運動事務學士學位學程,其他,50.48,265.0
114,0001,中國文學系,文組,52.8,264.0
114,0002,外國語文學系,文組,52.12,325.75
114,0003,歷史學系,文組,52.0,260.0
114,0004,哲學系,文組,49.75,199.0
114,0005,人類學系,文組,51.91,285.5
114,0006,圖書資訊學系,文組,51.55,283.5
114,0007,日本語文學系,文組,51.67,310.0
114,0010,戲劇學系(男),文組,46.33,278.0
114,0011,戲劇學系(女),文組,48.58,291.5
114,0012,數學系,理組,51.08,306.5
114,0013,物理學系,理組,56.0,280.0
114,0014,化學系,理組,50.8,254.0
114,0015,地質科學系,理組,47.2,236.0
114,0016,心理學系,文組,50.6,253.0
114,0017,地理環境資源學系A組,其他,47.67,143.0
114,0020,地理環境資源學系B組,其他,55.85,181.5
114,0021,大氣科學系,理組,47.74,274.5
114,0022,政治學系政治理論組,文組,53.14,292.25
114,0023,政治學系國際關係組,文組,54.86,301.75
114,0024,政治學系公共行政組,文組,53.32,293.25
114,0025,經濟學系A組,文組,50.67,228.0
114,0026,經濟學系B組,文組,55.38,360.0
114,0027,社會學系,文組,50.8,254.0
114,0030,社會工作學系,文組,47.91,263.5
114,0031,醫學系(自費),醫學,57.6,288.0
114,0032,醫學系(公費),醫學,53.2,266.0
114,0033,牙醫學系,醫學,57.0,285.0
114,0034,藥學系,醫學,53.29,373.0
114,0035,醫學檢驗暨生物技術學系,醫學,51.0,255.0
114,0036,護理學系,醫學,48.0,240.0
114,0037,物理治療學系,醫學,51.4,257.0
114,0040,職能治療學系,醫學,51.79,246.0
114,0041,土木工程學系,理組,48.6,243.0
114,0042,機械工程學系,理組,51.8,259.0
114,0043,化學工程學系,理組,52.11,247.5
114,0044,工程科學及海洋工程學系,理組,52.0,312.0
114,0045,材料科學與工程學系,理組,53.6,268.0
114,0046,醫學工程學系,理組,51.2,256.0
114,0047,農藝學系,其他,46.68,256.75
114,0050,生物環境系統工程學系,理組,48.4,242.0
114,0051,農業化學系,理組,49.42,296.5
114,0052,森林環境暨資源學系,理組,44.33,266.0
114,0053,動物科學技術學系,理組,48.0,192.0
114,0054,農業經濟學系,文組,48.2,241.0
114,0055,園藝暨景觀學系,其他,45.73,251.5
114,0056,獸醫學系,醫學,52.4,262.0
114,0057,生物產業傳播暨發展學系,理組,46.69,303.5
114,0060,生物機電工程學系,理組,50.6,253.0
114,0061,昆蟲學系,理組,43.92,285.5
114,0062,植物病理與微生物學系,理組,48.0,240.0
114,0063,工商管理學系企業管理組,文組,55.0,275.0
114,0064,工商管理學系科技管理組,文組,50.2,251.0
114,0065,會計學系A組,文組,56.38,225.5
114,0066,會計學系B組,文組,54.17,325.0
114,0067,財務金融學系,文組,57.33,258.0
114,0070,國際企業學系A組,文組,53.25,213.0
114,0071,國際企業學系B組,文組,55.83,335.0
114,0072,資訊管理學系,文組,53.44,240.5
114,0073,公共衛生學系A組,理組,48.55,267.0
114,0074,公共衛生學系B組,理組,48.84,232.0
114,0075,電機工程學系,理組,57.25,229.0
114,0076,資訊工程學系,理組,56.59,240.5
114,0077,法律學系法學組,文組,54.67,287.0
114,0100,法律學系司法組,文組,55.33,290.5
114,0101,法律學系財經法學組,文組,56.57,297.0
114,0102,生命科學系,理組,49.2,246.0
114,0103,生化科技學系,理組,49.4,247.0
114,0104,國際體育運動事務學士學位學程,其他,50.29,264.0
115,0001,中國文學系,文組,53.1,265.5
115,0002,外國語文學系,文組,51.68,323.0
115,0003,歷史學系,文組,52.4,262.0
115,0004,哲學系,文組,51.25,205.0
115,0005,人類學系,文組,52.45,288.5
115,0006,圖書資訊學系,文組,51.32,282.25
115,0007,日本語文學系,文組,52.17,313.0
115,0010,戲劇學系(男),文組,46.83,281.0
115,0011,戲劇學系(女),文組,49.33,296.0
115,0012,數學系,理組,49.17,295.0
115,0013,物理學系,理組,54.2,271.0
115,0014,化學系,理組,49.6,248.0
115,0015,地質科學系,理組,45.8,229.0
115,0016,心理學系,文組,49.8,249.0
115,0017,地理環境資源學系A組,其他,45.67,137.0
115,0020,地理環境資源學系B組,其他,54.92,178.5
115,0021,大氣科學系,理組,46.3,266.25
115,0022,政治學系政治理論組,文組,53.45,294.0
115,0023,政治學系國際關係組,文組,54.82,301.5
115,0024,政治學系公共行政組,文組,53.68,295.25
115,0025,經濟學系A組,文組,48.67,219.0
115,0026,經濟學系B組,文組,55.54,361.0
115,0027,社會學系,文組,50.2,251.0
115,0030,社會工作學系,文組,48.05,264.25
115,0031,醫學系(自費),醫學,57.0,228.0
115,0032,醫學系(公費),醫學,52.5,210.0
115,0033,牙醫學系,醫學,56.0,280.0
115,0034,藥學系,醫學,52.57,368.0
115,0035,醫學檢驗暨生物技術學系,醫學,49.4,247.0
115,0036,護理學系,醫學,45.4,227.0
115,0037,物理治療學系,醫學,50.4,252.0
115,0040,職能治療學系,醫學,50.89,241.75
115,0041,土木工程學系,理組,46.8,234.0
115,0042,機械工程學系,理組,50.4,252.0
115,0043,化學工程學系,理組,51.76,271.75
115,0044,工程科學及海洋工程學系,理組,50.17,301.0
115,0045,材料科學與工程學系,理組,53.8,269.0
115,0046,醫學工程學系,理組,49.6,248.0
115,0047,農藝學系,其他,47.5,261.25
115,0050,生物環境系統工程學系,理組,46.6,233.0
115,0051,農業化學系,理組,48.42,290.5
115,0052,森林環境暨資源學系,理組,44.67,268.0
115,0053,動物科學技術學系,理組,46.25,185.0
115,0054,農業經濟學系A組,文組,47.4,237.0
115,0055,農業經濟學系B組,文組,54.2,271.0
115,0056,園藝暨景觀學系,其他,46.64,256.5
115,0057,獸醫學系,醫學,51.6,258.0
115,0060,生物產業傳播暨發展學系,理組,49.15,319.5
115,0061,生物機電工程學系,理組,48.8,244.0
115,0062,昆蟲學系,理組,43.92,285.5
115,0063,植物病理與微生物學系,理組,47.0,235.0
115,0064,工商管理學系企業管理組,文組,55.0,275.0
115,0065,工商管理學系科技管理組,文組,48.6,243.0
115,0066,會計學系A組,文組,55.75,223.0
115,0067,會計學系B組,文組,53.46,320.75
115,0070,財務金融學系,文組,56.89,256.0
115,0071,國際企業學系A組,文組,51.5,206.0
115,0072,國際企業學系B組,文組,55.5,333.0
115,0073,資訊管理學系,文組,50.78,228.5
115,0074,公共衛生學系A組,理組,46.77,257.25
115,0075,公共衛生學系B組,理組,48.89,232.25
115,0076,電機工程學系,理組,57.0,228.0
115,0077,資訊工程學系,理組,53.76,228.5
115,0100,法律學系法學組,文組,54.33,285.25
115,0101,法律學系司法組,文組,55.24,290.0
115,0102,法律學系財經法學組,文組,56.19,295.0
115,0103,生命科學系,理組,46.8,234.0
115,0104,生化科技學系,理組,48.2,241.0
115,0105,國際體育運動事務學士學位學程,其他,49.71,261.0
